fingerprint,seed,omitted_target_family,source_slice,evaluated_source_family,method,eligible,successes,asr,asr_query_auc,normalized_action_entropy,query_budget
858db8c0de5bab47ce82dd5c24a77a7b98edc0d6165a7c9cc66a60bd0ed8cafa,17,classical_cnn,exact_source,modern_cnn,bandit_action,361,8,0.02216066,0.01473684,0.99604818,50
858db8c0de5bab47ce82dd5c24a77a7b98edc0d6165a7c9cc66a60bd0ed8cafa,17,classical_cnn,exact_source,modern_cnn,gradient_bc_groupdro_ppo_stochastic,361,16,0.04432133,0.02421053,0.87044359,50
858db8c0de5bab47ce82dd5c24a77a7b98edc0d6165a7c9cc66a60bd0ed8cafa,17,classical_cnn,exact_source,modern_cnn,gradient_bc_only_stochastic,361,16,0.04432133,0.02022161,0.96512336,50
858db8c0de5bab47ce82dd5c24a77a7b98edc0d6165a7c9cc66a60bd0ed8cafa,17,classical_cnn,exact_source,modern_cnn,ppo_only_stochastic,361,15,0.04155125,0.01858726,0.99693472,50
858db8c0de5bab47ce82dd5c24a77a7b98edc0d6165a7c9cc66a60bd0ed8cafa,17,classical_cnn,exact_source,modern_cnn,random_action,361,14,0.03878116,0.01739612,0.99932970,50
858db8c0de5bab47ce82dd5c24a77a7b98edc0d6165a7c9cc66a60bd0ed8cafa,17,classical_cnn,exact_source,modern_cnn,score_greedy,361,14,0.03878116,0.01817175,0.99971514,50
858db8c0de5bab47ce82dd5c24a77a7b98edc0d6165a7c9cc66a60bd0ed8cafa,17,classical_cnn,exact_source,transformer,bandit_action,304,15,0.04934211,0.03634868,0.99346817,50
858db8c0de5bab47ce82dd5c24a77a7b98edc0d6165a7c9cc66a60bd0ed8cafa,17,classical_cnn,exact_source,transformer,gradient_bc_groupdro_ppo_stochastic,304,42,0.13815789,0.06532895,0.87092054,50
858db8c0de5bab47ce82dd5c24a77a7b98edc0d6165a7c9cc66a60bd0ed8cafa,17,classical_cnn,exact_source,transformer,gradient_bc_only_stochastic,304,36,0.11842105,0.05973684,0.96703609,50
858db8c0de5bab47ce82dd5c24a77a7b98edc0d6165a7c9cc66a60bd0ed8cafa,17,classical_cnn,exact_source,transformer,ppo_only_stochastic,304,30,0.09868421,0.04493421,0.99628406,50
858db8c0de5bab47ce82dd5c24a77a7b98edc0d6165a7c9cc66a60bd0ed8cafa,17,classical_cnn,exact_source,transformer,random_action,304,30,0.09868421,0.04559211,0.99935781,50
858db8c0de5bab47ce82dd5c24a77a7b98edc0d6165a7c9cc66a60bd0ed8cafa,17,classical_cnn,exact_source,transformer,score_greedy,304,29,0.09539474,0.03950658,0.99964290,50
858db8c0de5bab47ce82dd5c24a77a7b98edc0d6165a7c9cc66a60bd0ed8cafa,17,classical_cnn,seen_family_new_instance,modern_cnn,bandit_action,182,0,0.00000000,0.00000000,0.98965374,50
858db8c0de5bab47ce82dd5c24a77a7b98edc0d6165a7c9cc66a60bd0ed8cafa,17,classical_cnn,seen_family_new_instance,modern_cnn,gradient_bc_groupdro_ppo_stochastic,182,9,0.04945055,0.01983516,0.87284467,50
858db8c0de5bab47ce82dd5c24a77a7b98edc0d6165a7c9cc66a60bd0ed8cafa,17,classical_cnn,seen_family_new_instance,modern_cnn,gradient_bc_only_stochastic,182,8,0.04395604,0.01791209,0.96695336,50
858db8c0de5bab47ce82dd5c24a77a7b98edc0d6165a7c9cc66a60bd0ed8cafa,17,classical_cnn,seen_family_new_instance,modern_cnn,ppo_only_stochastic,182,7,0.03846154,0.01829670,0.99704463,50
858db8c0de5bab47ce82dd5c24a77a7b98edc0d6165a7c9cc66a60bd0ed8cafa,17,classical_cnn,seen_family_new_instance,modern_cnn,random_action,182,5,0.02747253,0.01390110,0.99890848,50
858db8c0de5bab47ce82dd5c24a77a7b98edc0d6165a7c9cc66a60bd0ed8cafa,17,classical_cnn,seen_family_new_instance,modern_cnn,score_greedy,182,5,0.02747253,0.00763736,0.99935688,50
858db8c0de5bab47ce82dd5c24a77a7b98edc0d6165a7c9cc66a60bd0ed8cafa,17,classical_cnn,seen_family_new_instance,transformer,bandit_action,146,5,0.03424658,0.02760274,0.98698167,50
858db8c0de5bab47ce82dd5c24a77a7b98edc0d6165a7c9cc66a60bd0ed8cafa,17,classical_cnn,seen_family_new_instance,transformer,gradient_bc_groupdro_ppo_stochastic,146,14,0.09589041,0.05287671,0.86838404,50
858db8c0de5bab47ce82dd5c24a77a7b98edc0d6165a7c9cc66a60bd0ed8cafa,17,classical_cnn,seen_family_new_instance,transformer,gradient_bc_only_stochastic,146,13,0.08904110,0.05034247,0.96877241,50
858db8c0de5bab47ce82dd5c24a77a7b98edc0d6165a7c9cc66a60bd0ed8cafa,17,classical_cnn,seen_family_new_instance,transformer,ppo_only_stochastic,146,13,0.08904110,0.04171233,0.99531001,50
858db8c0de5bab47ce82dd5c24a77a7b98edc0d6165a7c9cc66a60bd0ed8cafa,17,classical_cnn,seen_family_new_instance,transformer,random_action,146,15,0.10273973,0.03760274,0.99873049,50
858db8c0de5bab47ce82dd5c24a77a7b98edc0d6165a7c9cc66a60bd0ed8cafa,17,classical_cnn,seen_family_new_instance,transformer,score_greedy,146,14,0.09589041,0.03616438,0.99922444,50
fbd492204a61b0d57090f5c613aeb3edef2d7ab00f0ff28c5221fbbb97b080f7,29,classical_cnn,exact_source,modern_cnn,bandit_action,361,5,0.01385042,0.01000000,0.99546007,50
fbd492204a61b0d57090f5c613aeb3edef2d7ab00f0ff28c5221fbbb97b080f7,29,classical_cnn,exact_source,modern_cnn,gradient_bc_groupdro_ppo_stochastic,361,18,0.04986150,0.01739612,0.95696374,50
fbd492204a61b0d57090f5c613aeb3edef2d7ab00f0ff28c5221fbbb97b080f7,29,classical_cnn,exact_source,modern_cnn,gradient_bc_only_stochastic,361,14,0.03878116,0.01828255,0.96594408,50
fbd492204a61b0d57090f5c613aeb3edef2d7ab00f0ff28c5221fbbb97b080f7,29,classical_cnn,exact_source,modern_cnn,ppo_only_stochastic,361,14,0.03878116,0.01872576,0.99668520,50
fbd492204a61b0d57090f5c613aeb3edef2d7ab00f0ff28c5221fbbb97b080f7,29,classical_cnn,exact_source,modern_cnn,random_action,361,14,0.03878116,0.01922438,0.99929315,50
fbd492204a61b0d57090f5c613aeb3edef2d7ab00f0ff28c5221fbbb97b080f7,29,classical_cnn,exact_source,modern_cnn,score_greedy,361,14,0.03878116,0.01839335,0.99968399,50
fbd492204a61b0d57090f5c613aeb3edef2d7ab00f0ff28c5221fbbb97b080f7,29,classical_cnn,exact_source,transformer,bandit_action,304,13,0.04276316,0.03424342,0.99430442,50
fbd492204a61b0d57090f5c613aeb3edef2d7ab00f0ff28c5221fbbb97b080f7,29,classical_cnn,exact_source,transformer,gradient_bc_groupdro_ppo_stochastic,304,37,0.12171053,0.06174342,0.95536004,50
fbd492204a61b0d57090f5c613aeb3edef2d7ab00f0ff28c5221fbbb97b080f7,29,classical_cnn,exact_source,transformer,gradient_bc_only_stochastic,304,34,0.11184211,0.05263158,0.96631579,50
fbd492204a61b0d57090f5c613aeb3edef2d7ab00f0ff28c5221fbbb97b080f7,29,classical_cnn,exact_source,transformer,ppo_only_stochastic,304,29,0.09539474,0.04305921,0.99620893,50
fbd492204a61b0d57090f5c613aeb3edef2d7ab00f0ff28c5221fbbb97b080f7,29,classical_cnn,exact_source,transformer,random_action,304,33,0.10855263,0.04759868,0.99941888,50
fbd492204a61b0d57090f5c613aeb3edef2d7ab00f0ff28c5221fbbb97b080f7,29,classical_cnn,exact_source,transformer,score_greedy,304,30,0.09868421,0.04414474,0.99962698,50
fbd492204a61b0d57090f5c613aeb3edef2d7ab00f0ff28c5221fbbb97b080f7,29,classical_cnn,seen_family_new_instance,modern_cnn,bandit_action,182,2,0.01098901,0.00681319,0.99141688,50
fbd492204a61b0d57090f5c613aeb3edef2d7ab00f0ff28c5221fbbb97b080f7,29,classical_cnn,seen_family_new_instance,modern_cnn,gradient_bc_groupdro_ppo_stochastic,182,10,0.05494505,0.02307692,0.95691574,50
fbd492204a61b0d57090f5c613aeb3edef2d7ab00f0ff28c5221fbbb97b080f7,29,classical_cnn,seen_family_new_instance,modern_cnn,gradient_bc_only_stochastic,182,10,0.05494505,0.01604396,0.96735178,50
fbd492204a61b0d57090f5c613aeb3edef2d7ab00f0ff28c5221fbbb97b080f7,29,classical_cnn,seen_family_new_instance,modern_cnn,ppo_only_stochastic,182,5,0.02747253,0.01181319,0.99613503,50
fbd492204a61b0d57090f5c613aeb3edef2d7ab00f0ff28c5221fbbb97b080f7,29,classical_cnn,seen_family_new_instance,modern_cnn,random_action,182,4,0.02197802,0.00846154,0.99869994,50
fbd492204a61b0d57090f5c613aeb3edef2d7ab00f0ff28c5221fbbb97b080f7,29,classical_cnn,seen_family_new_instance,modern_cnn,score_greedy,182,6,0.03296703,0.01395604,0.99936988,50
fbd492204a61b0d57090f5c613aeb3edef2d7ab00f0ff28c5221fbbb97b080f7,29,classical_cnn,seen_family_new_instance,transformer,bandit_action,146,6,0.04109589,0.03136986,0.98512542,50
fbd492204a61b0d57090f5c613aeb3edef2d7ab00f0ff28c5221fbbb97b080f7,29,classical_cnn,seen_family_new_instance,transformer,gradient_bc_groupdro_ppo_stochastic,146,14,0.09589041,0.04589041,0.95868047,50
fbd492204a61b0d57090f5c613aeb3edef2d7ab00f0ff28c5221fbbb97b080f7,29,classical_cnn,seen_family_new_instance,transformer,gradient_bc_only_stochastic,146,18,0.12328767,0.05547945,0.96623589,50
fbd492204a61b0d57090f5c613aeb3edef2d7ab00f0ff28c5221fbbb97b080f7,29,classical_cnn,seen_family_new_instance,transformer,ppo_only_stochastic,146,14,0.09589041,0.04205479,0.99588197,50
fbd492204a61b0d57090f5c613aeb3edef2d7ab00f0ff28c5221fbbb97b080f7,29,classical_cnn,seen_family_new_instance,transformer,random_action,146,13,0.08904110,0.04253425,0.99809522,50
fbd492204a61b0d57090f5c613aeb3edef2d7ab00f0ff28c5221fbbb97b080f7,29,classical_cnn,seen_family_new_instance,transformer,score_greedy,146,14,0.09589041,0.04575342,0.99912230,50
6d11c250e8ea40fb29ee98e5079687f1765da83099a9673bb3eee0ef243a54a5,41,classical_cnn,exact_source,modern_cnn,bandit_action,361,3,0.00831025,0.00656510,0.99602042,50
6d11c250e8ea40fb29ee98e5079687f1765da83099a9673bb3eee0ef243a54a5,41,classical_cnn,exact_source,modern_cnn,gradient_bc_groupdro_ppo_stochastic,361,17,0.04709141,0.01991690,0.95453533,50
6d11c250e8ea40fb29ee98e5079687f1765da83099a9673bb3eee0ef243a54a5,41,classical_cnn,exact_source,modern_cnn,gradient_bc_only_stochastic,361,16,0.04432133,0.01927978,0.96650783,50
6d11c250e8ea40fb29ee98e5079687f1765da83099a9673bb3eee0ef243a54a5,41,classical_cnn,exact_source,modern_cnn,ppo_only_stochastic,361,15,0.04155125,0.01819945,0.99816783,50
6d11c250e8ea40fb29ee98e5079687f1765da83099a9673bb3eee0ef243a54a5,41,classical_cnn,exact_source,modern_cnn,random_action,361,16,0.04432133,0.01944598,0.99942396,50
6d11c250e8ea40fb29ee98e5079687f1765da83099a9673bb3eee0ef243a54a5,41,classical_cnn,exact_source,modern_cnn,score_greedy,361,15,0.04155125,0.01903047,0.99973785,50
6d11c250e8ea40fb29ee98e5079687f1765da83099a9673bb3eee0ef243a54a5,41,classical_cnn,exact_source,transformer,bandit_action,304,17,0.05592105,0.04009868,0.99359782,50
6d11c250e8ea40fb29ee98e5079687f1765da83099a9673bb3eee0ef243a54a5,41,classical_cnn,exact_source,transformer,gradient_bc_groupdro_ppo_stochastic,304,38,0.12500000,0.05407895,0.95338097,50
6d11c250e8ea40fb29ee98e5079687f1765da83099a9673bb3eee0ef243a54a5,41,classical_cnn,exact_source,transformer,gradient_bc_only_stochastic,304,35,0.11513158,0.05358553,0.96693774,50
6d11c250e8ea40fb29ee98e5079687f1765da83099a9673bb3eee0ef243a54a5,41,classical_cnn,exact_source,transformer,ppo_only_stochastic,304,29,0.09539474,0.04608553,0.99749981,50
6d11c250e8ea40fb29ee98e5079687f1765da83099a9673bb3eee0ef243a54a5,41,classical_cnn,exact_source,transformer,random_action,304,29,0.09539474,0.03957237,0.99943234,50
6d11c250e8ea40fb29ee98e5079687f1765da83099a9673bb3eee0ef243a54a5,41,classical_cnn,exact_source,transformer,score_greedy,304,30,0.09868421,0.04381579,0.99963087,50
6d11c250e8ea40fb29ee98e5079687f1765da83099a9673bb3eee0ef243a54a5,41,classical_cnn,seen_family_new_instance,modern_cnn,bandit_action,182,2,0.01098901,0.00813187,0.99190754,50
6d11c250e8ea40fb29ee98e5079687f1765da83099a9673bb3eee0ef243a54a5,41,classical_cnn,seen_family_new_instance,modern_cnn,gradient_bc_groupdro_ppo_stochastic,182,9,0.04945055,0.01906593,0.95368154,50
6d11c250e8ea40fb29ee98e5079687f1765da83099a9673bb3eee0ef243a54a5,41,classical_cnn,seen_family_new_instance,modern_cnn,gradient_bc_only_stochastic,182,7,0.03846154,0.01302198,0.96560508,50
6d11c250e8ea40fb29ee98e5079687f1765da83099a9673bb3eee0ef243a54a5,41,classical_cnn,seen_family_new_instance,modern_cnn,ppo_only_stochastic,182,8,0.04395604,0.01593407,0.99712045,50
6d11c250e8ea40fb29ee98e5079687f1765da83099a9673bb3eee0ef243a54a5,41,classical_cnn,seen_family_new_instance,modern_cnn,random_action,182,7,0.03846154,0.01170330,0.99886021,50
6d11c250e8ea40fb29ee98e5079687f1765da83099a9673bb3eee0ef243a54a5,41,classical_cnn,seen_family_new_instance,modern_cnn,score_greedy,182,6,0.03296703,0.01010989,0.99947294,50
6d11c250e8ea40fb29ee98e5079687f1765da83099a9673bb3eee0ef243a54a5,41,classical_cnn,seen_family_new_instance,transformer,bandit_action,146,7,0.04794521,0.03869863,0.98884614,50
6d11c250e8ea40fb29ee98e5079687f1765da83099a9673bb3eee0ef243a54a5,41,classical_cnn,seen_family_new_instance,transformer,gradient_bc_groupdro_ppo_stochastic,146,16,0.10958904,0.05493151,0.95296327,50
6d11c250e8ea40fb29ee98e5079687f1765da83099a9673bb3eee0ef243a54a5,41,classical_cnn,seen_family_new_instance,transformer,gradient_bc_only_stochastic,146,16,0.10958904,0.05849315,0.96569204,50
6d11c250e8ea40fb29ee98e5079687f1765da83099a9673bb3eee0ef243a54a5,41,classical_cnn,seen_family_new_instance,transformer,ppo_only_stochastic,146,12,0.08219178,0.04561644,0.99645473,50
6d11c250e8ea40fb29ee98e5079687f1765da83099a9673bb3eee0ef243a54a5,41,classical_cnn,seen_family_new_instance,transformer,random_action,146,14,0.09589041,0.04410959,0.99853390,50
6d11c250e8ea40fb29ee98e5079687f1765da83099a9673bb3eee0ef243a54a5,41,classical_cnn,seen_family_new_instance,transformer,score_greedy,146,14,0.09589041,0.04000000,0.99926085,50
b2182929cbaa949c93be9963c553d7b042fdc26adddea32344caeda5c36fe951,53,classical_cnn,exact_source,modern_cnn,bandit_action,361,8,0.02216066,0.01684211,0.99598548,50
b2182929cbaa949c93be9963c553d7b042fdc26adddea32344caeda5c36fe951,53,classical_cnn,exact_source,modern_cnn,gradient_bc_groupdro_ppo_stochastic,361,19,0.05263158,0.02362881,0.91123712,50
b2182929cbaa949c93be9963c553d7b042fdc26adddea32344caeda5c36fe951,53,classical_cnn,exact_source,modern_cnn,gradient_bc_only_stochastic,361,15,0.04155125,0.02196676,0.96531907,50
b2182929cbaa949c93be9963c553d7b042fdc26adddea32344caeda5c36fe951,53,classical_cnn,exact_source,modern_cnn,ppo_only_stochastic,361,14,0.03878116,0.01606648,0.99760072,50
b2182929cbaa949c93be9963c553d7b042fdc26adddea32344caeda5c36fe951,53,classical_cnn,exact_source,modern_cnn,random_action,361,14,0.03878116,0.01922438,0.99937469,50
b2182929cbaa949c93be9963c553d7b042fdc26adddea32344caeda5c36fe951,53,classical_cnn,exact_source,modern_cnn,score_greedy,361,14,0.03878116,0.01678670,0.99969517,50
b2182929cbaa949c93be9963c553d7b042fdc26adddea32344caeda5c36fe951,53,classical_cnn,exact_source,transformer,bandit_action,304,13,0.04276316,0.02990132,0.99320228,50
b2182929cbaa949c93be9963c553d7b042fdc26adddea32344caeda5c36fe951,53,classical_cnn,exact_source,transformer,gradient_bc_groupdro_ppo_stochastic,304,39,0.12828947,0.05753289,0.91340400,50
b2182929cbaa949c93be9963c553d7b042fdc26adddea32344caeda5c36fe951,53,classical_cnn,exact_source,transformer,gradient_bc_only_stochastic,304,37,0.12171053,0.05351974,0.96674132,50
b2182929cbaa949c93be9963c553d7b042fdc26adddea32344caeda5c36fe951,53,classical_cnn,exact_source,transformer,ppo_only_stochastic,304,32,0.10526316,0.04065789,0.99761242,50
b2182929cbaa949c93be9963c553d7b042fdc26adddea32344caeda5c36fe951,53,classical_cnn,exact_source,transformer,random_action,304,26,0.08552632,0.04315789,0.99931784,50
b2182929cbaa949c93be9963c553d7b042fdc26adddea32344caeda5c36fe951,53,classical_cnn,exact_source,transformer,score_greedy,304,30,0.09868421,0.04190789,0.99956481,50
b2182929cbaa949c93be9963c553d7b042fdc26adddea32344caeda5c36fe951,53,classical_cnn,seen_family_new_instance,modern_cnn,bandit_action,182,0,0.00000000,0.00000000,0.98917057,50
b2182929cbaa949c93be9963c553d7b042fdc26adddea32344caeda5c36fe951,53,classical_cnn,seen_family_new_instance,modern_cnn,gradient_bc_groupdro_ppo_stochastic,182,8,0.04395604,0.01780220,0.91054075,50
b2182929cbaa949c93be9963c553d7b042fdc26adddea32344caeda5c36fe951,53,classical_cnn,seen_family_new_instance,modern_cnn,gradient_bc_only_stochastic,182,8,0.04395604,0.01934066,0.96593072,50
b2182929cbaa949c93be9963c553d7b042fdc26adddea32344caeda5c36fe951,53,classical_cnn,seen_family_new_instance,modern_cnn,ppo_only_stochastic,182,7,0.03846154,0.01368132,0.99711664,50
b2182929cbaa949c93be9963c553d7b042fdc26adddea32344caeda5c36fe951,53,classical_cnn,seen_family_new_instance,modern_cnn,random_action,182,7,0.03846154,0.01126374,0.99906445,50
b2182929cbaa949c93be9963c553d7b042fdc26adddea32344caeda5c36fe951,53,classical_cnn,seen_family_new_instance,modern_cnn,score_greedy,182,8,0.04395604,0.01252747,0.99934445,50
b2182929cbaa949c93be9963c553d7b042fdc26adddea32344caeda5c36fe951,53,classical_cnn,seen_family_new_instance,transformer,bandit_action,146,8,0.05479452,0.04013699,0.98932565,50
b2182929cbaa949c93be9963c553d7b042fdc26adddea32344caeda5c36fe951,53,classical_cnn,seen_family_new_instance,transformer,gradient_bc_groupdro_ppo_stochastic,146,19,0.13013699,0.06212329,0.91202818,50
b2182929cbaa949c93be9963c553d7b042fdc26adddea32344caeda5c36fe951,53,classical_cnn,seen_family_new_instance,transformer,gradient_bc_only_stochastic,146,19,0.13013699,0.06061644,0.96609562,50
b2182929cbaa949c93be9963c553d7b042fdc26adddea32344caeda5c36fe951,53,classical_cnn,seen_family_new_instance,transformer,ppo_only_stochastic,146,17,0.11643836,0.04678082,0.99719932,50
b2182929cbaa949c93be9963c553d7b042fdc26adddea32344caeda5c36fe951,53,classical_cnn,seen_family_new_instance,transformer,random_action,146,14,0.09589041,0.04342466,0.99825520,50
b2182929cbaa949c93be9963c553d7b042fdc26adddea32344caeda5c36fe951,53,classical_cnn,seen_family_new_instance,transformer,score_greedy,146,14,0.09589041,0.03739726,0.99931269,50
600c5f09dc00c6d9723ca18b994a8854f77e273a7441056983db2209600ea3a1,67,classical_cnn,exact_source,modern_cnn,bandit_action,361,3,0.00831025,0.00650970,0.99573403,50
600c5f09dc00c6d9723ca18b994a8854f77e273a7441056983db2209600ea3a1,67,classical_cnn,exact_source,modern_cnn,gradient_bc_groupdro_ppo_stochastic,361,17,0.04709141,0.02096953,0.95156720,50
600c5f09dc00c6d9723ca18b994a8854f77e273a7441056983db2209600ea3a1,67,classical_cnn,exact_source,modern_cnn,gradient_bc_only_stochastic,361,17,0.04709141,0.01897507,0.96843456,50
600c5f09dc00c6d9723ca18b994a8854f77e273a7441056983db2209600ea3a1,67,classical_cnn,exact_source,modern_cnn,ppo_only_stochastic,361,16,0.04432133,0.01972299,0.99827749,50
600c5f09dc00c6d9723ca18b994a8854f77e273a7441056983db2209600ea3a1,67,classical_cnn,exact_source,modern_cnn,random_action,361,16,0.04432133,0.01700831,0.99955116,50
600c5f09dc00c6d9723ca18b994a8854f77e273a7441056983db2209600ea3a1,67,classical_cnn,exact_source,modern_cnn,score_greedy,361,12,0.03324100,0.01806094,0.99969182,50
600c5f09dc00c6d9723ca18b994a8854f77e273a7441056983db2209600ea3a1,67,classical_cnn,exact_source,transformer,bandit_action,304,12,0.03947368,0.02835526,0.99435353,50
600c5f09dc00c6d9723ca18b994a8854f77e273a7441056983db2209600ea3a1,67,classical_cnn,exact_source,transformer,gradient_bc_groupdro_ppo_stochastic,304,36,0.11842105,0.05296053,0.94916152,50
600c5f09dc00c6d9723ca18b994a8854f77e273a7441056983db2209600ea3a1,67,classical_cnn,exact_source,transformer,gradient_bc_only_stochastic,304,37,0.12171053,0.05582237,0.96925618,50
600c5f09dc00c6d9723ca18b994a8854f77e273a7441056983db2209600ea3a1,67,classical_cnn,exact_source,transformer,ppo_only_stochastic,304,32,0.10526316,0.05217105,0.99873330,50
600c5f09dc00c6d9723ca18b994a8854f77e273a7441056983db2209600ea3a1,67,classical_cnn,exact_source,transformer,random_action,304,32,0.10526316,0.04572368,0.99925078,50
600c5f09dc00c6d9723ca18b994a8854f77e273a7441056983db2209600ea3a1,67,classical_cnn,exact_source,transformer,score_greedy,304,30,0.09868421,0.04164474,0.99963222,50
600c5f09dc00c6d9723ca18b994a8854f77e273a7441056983db2209600ea3a1,67,classical_cnn,seen_family_new_instance,modern_cnn,bandit_action,182,2,0.01098901,0.00956044,0.98978748,50
600c5f09dc00c6d9723ca18b994a8854f77e273a7441056983db2209600ea3a1,67,classical_cnn,seen_family_new_instance,modern_cnn,gradient_bc_groupdro_ppo_stochastic,182,9,0.04945055,0.01653846,0.94815954,50
600c5f09dc00c6d9723ca18b994a8854f77e273a7441056983db2209600ea3a1,67,classical_cnn,seen_family_new_instance,modern_cnn,gradient_bc_only_stochastic,182,6,0.03296703,0.01780220,0.96941937,50
600c5f09dc00c6d9723ca18b994a8854f77e273a7441056983db2209600ea3a1,67,classical_cnn,seen_family_new_instance,modern_cnn,ppo_only_stochastic,182,6,0.03296703,0.01087912,0.99761185,50
600c5f09dc00c6d9723ca18b994a8854f77e273a7441056983db2209600ea3a1,67,classical_cnn,seen_family_new_instance,modern_cnn,random_action,182,4,0.02197802,0.01054945,0.99899328,50
600c5f09dc00c6d9723ca18b994a8854f77e273a7441056983db2209600ea3a1,67,classical_cnn,seen_family_new_instance,modern_cnn,score_greedy,182,5,0.02747253,0.00796703,0.99945540,50
600c5f09dc00c6d9723ca18b994a8854f77e273a7441056983db2209600ea3a1,67,classical_cnn,seen_family_new_instance,transformer,bandit_action,146,9,0.06164384,0.04678082,0.98632025,50
600c5f09dc00c6d9723ca18b994a8854f77e273a7441056983db2209600ea3a1,67,classical_cnn,seen_family_new_instance,transformer,gradient_bc_groupdro_ppo_stochastic,146,16,0.10958904,0.06000000,0.94797692,50
600c5f09dc00c6d9723ca18b994a8854f77e273a7441056983db2209600ea3a1,67,classical_cnn,seen_family_new_instance,transformer,gradient_bc_only_stochastic,146,16,0.10958904,0.05000000,0.96812975,50
600c5f09dc00c6d9723ca18b994a8854f77e273a7441056983db2209600ea3a1,67,classical_cnn,seen_family_new_instance,transformer,ppo_only_stochastic,146,13,0.08904110,0.04226027,0.99740249,50
600c5f09dc00c6d9723ca18b994a8854f77e273a7441056983db2209600ea3a1,67,classical_cnn,seen_family_new_instance,transformer,random_action,146,13,0.08904110,0.04609589,0.99845166,50
600c5f09dc00c6d9723ca18b994a8854f77e273a7441056983db2209600ea3a1,67,classical_cnn,seen_family_new_instance,transformer,score_greedy,146,13,0.08904110,0.04787671,0.99922259,50
44d4d6d48549b995d67ea4a03afcecbba2f69666b473de5d54c7d22fb936c270,79,classical_cnn,exact_source,modern_cnn,bandit_action,361,8,0.02216066,0.01650970,0.99638912,50
44d4d6d48549b995d67ea4a03afcecbba2f69666b473de5d54c7d22fb936c270,79,classical_cnn,exact_source,modern_cnn,gradient_bc_groupdro_ppo_stochastic,361,19,0.05263158,0.02335180,0.93430889,50
44d4d6d48549b995d67ea4a03afcecbba2f69666b473de5d54c7d22fb936c270,79,classical_cnn,exact_source,modern_cnn,gradient_bc_only_stochastic,361,19,0.05263158,0.02041551,0.96639336,50
44d4d6d48549b995d67ea4a03afcecbba2f69666b473de5d54c7d22fb936c270,79,classical_cnn,exact_source,modern_cnn,ppo_only_stochastic,361,12,0.03324100,0.01656510,0.99823765,50
44d4d6d48549b995d67ea4a03afcecbba2f69666b473de5d54c7d22fb936c270,79,classical_cnn,exact_source,modern_cnn,random_action,361,15,0.04155125,0.01930748,0.99936532,50
44d4d6d48549b995d67ea4a03afcecbba2f69666b473de5d54c7d22fb936c270,79,classical_cnn,exact_source,modern_cnn,score_greedy,361,13,0.03601108,0.01559557,0.99964495,50
44d4d6d48549b995d67ea4a03afcecbba2f69666b473de5d54c7d22fb936c270,79,classical_cnn,exact_source,transformer,bandit_action,304,15,0.04934211,0.03582237,0.99424785,50
44d4d6d48549b995d67ea4a03afcecbba2f69666b473de5d54c7d22fb936c270,79,classical_cnn,exact_source,transformer,gradient_bc_groupdro_ppo_stochastic,304,39,0.12828947,0.05286184,0.93317492,50
44d4d6d48549b995d67ea4a03afcecbba2f69666b473de5d54c7d22fb936c270,79,classical_cnn,exact_source,transformer,gradient_bc_only_stochastic,304,36,0.11842105,0.05585526,0.96766188,50
44d4d6d48549b995d67ea4a03afcecbba2f69666b473de5d54c7d22fb936c270,79,classical_cnn,exact_source,transformer,ppo_only_stochastic,304,29,0.09539474,0.04529605,0.99821808,50
44d4d6d48549b995d67ea4a03afcecbba2f69666b473de5d54c7d22fb936c270,79,classical_cnn,exact_source,transformer,random_action,304,32,0.10526316,0.04453947,0.99933710,50
44d4d6d48549b995d67ea4a03afcecbba2f69666b473de5d54c7d22fb936c270,79,classical_cnn,exact_source,transformer,score_greedy,304,31,0.10197368,0.04661184,0.99957592,50
44d4d6d48549b995d67ea4a03afcecbba2f69666b473de5d54c7d22fb936c270,79,classical_cnn,seen_family_new_instance,modern_cnn,bandit_action,182,1,0.00549451,0.00390110,0.98999387,50
44d4d6d48549b995d67ea4a03afcecbba2f69666b473de5d54c7d22fb936c270,79,classical_cnn,seen_family_new_instance,modern_cnn,gradient_bc_groupdro_ppo_stochastic,182,10,0.05494505,0.01868132,0.92979539,50
44d4d6d48549b995d67ea4a03afcecbba2f69666b473de5d54c7d22fb936c270,79,classical_cnn,seen_family_new_instance,modern_cnn,gradient_bc_only_stochastic,182,9,0.04945055,0.01598901,0.96479339,50
44d4d6d48549b995d67ea4a03afcecbba2f69666b473de5d54c7d22fb936c270,79,classical_cnn,seen_family_new_instance,modern_cnn,ppo_only_stochastic,182,9,0.04945055,0.01302198,0.99775530,50
44d4d6d48549b995d67ea4a03afcecbba2f69666b473de5d54c7d22fb936c270,79,classical_cnn,seen_family_new_instance,modern_cnn,random_action,182,6,0.03296703,0.00670330,0.99871771,50
44d4d6d48549b995d67ea4a03afcecbba2f69666b473de5d54c7d22fb936c270,79,classical_cnn,seen_family_new_instance,modern_cnn,score_greedy,182,5,0.02747253,0.01225275,0.99949510,50
44d4d6d48549b995d67ea4a03afcecbba2f69666b473de5d54c7d22fb936c270,79,classical_cnn,seen_family_new_instance,transformer,bandit_action,146,5,0.03424658,0.02869863,0.98709267,50
44d4d6d48549b995d67ea4a03afcecbba2f69666b473de5d54c7d22fb936c270,79,classical_cnn,seen_family_new_instance,transformer,gradient_bc_groupdro_ppo_stochastic,146,16,0.10958904,0.05575342,0.93172437,50
44d4d6d48549b995d67ea4a03afcecbba2f69666b473de5d54c7d22fb936c270,79,classical_cnn,seen_family_new_instance,transformer,gradient_bc_only_stochastic,146,16,0.10958904,0.05164384,0.96442826,50
44d4d6d48549b995d67ea4a03afcecbba2f69666b473de5d54c7d22fb936c270,79,classical_cnn,seen_family_new_instance,transformer,ppo_only_stochastic,146,15,0.10273973,0.05390411,0.99681515,50
44d4d6d48549b995d67ea4a03afcecbba2f69666b473de5d54c7d22fb936c270,79,classical_cnn,seen_family_new_instance,transformer,random_action,146,14,0.09589041,0.04493151,0.99869804,50
44d4d6d48549b995d67ea4a03afcecbba2f69666b473de5d54c7d22fb936c270,79,classical_cnn,seen_family_new_instance,transformer,score_greedy,146,12,0.08219178,0.04082192,0.99922745,50
e7bcddcfa7062d85ab015b567290d94643968e89570304a14e9492a80a730d1e,97,classical_cnn,exact_source,modern_cnn,bandit_action,361,5,0.01385042,0.01033241,0.99581707,50
e7bcddcfa7062d85ab015b567290d94643968e89570304a14e9492a80a730d1e,97,classical_cnn,exact_source,modern_cnn,gradient_bc_groupdro_ppo_stochastic,361,19,0.05263158,0.02318560,0.93735533,50
e7bcddcfa7062d85ab015b567290d94643968e89570304a14e9492a80a730d1e,97,classical_cnn,exact_source,modern_cnn,gradient_bc_only_stochastic,361,17,0.04709141,0.02191136,0.96513963,50
e7bcddcfa7062d85ab015b567290d94643968e89570304a14e9492a80a730d1e,97,classical_cnn,exact_source,modern_cnn,ppo_only_stochastic,361,15,0.04155125,0.01631579,0.99770979,50
e7bcddcfa7062d85ab015b567290d94643968e89570304a14e9492a80a730d1e,97,classical_cnn,exact_source,modern_cnn,random_action,361,11,0.03047091,0.01404432,0.99949641,50
e7bcddcfa7062d85ab015b567290d94643968e89570304a14e9492a80a730d1e,97,classical_cnn,exact_source,modern_cnn,score_greedy,361,14,0.03878116,0.01678670,0.99970646,50
e7bcddcfa7062d85ab015b567290d94643968e89570304a14e9492a80a730d1e,97,classical_cnn,exact_source,transformer,bandit_action,304,16,0.05263158,0.03901316,0.99138531,50
e7bcddcfa7062d85ab015b567290d94643968e89570304a14e9492a80a730d1e,97,classical_cnn,exact_source,transformer,gradient_bc_groupdro_ppo_stochastic,304,34,0.11184211,0.05335526,0.93785572,50
e7bcddcfa7062d85ab015b567290d94643968e89570304a14e9492a80a730d1e,97,classical_cnn,exact_source,transformer,gradient_bc_only_stochastic,304,37,0.12171053,0.05536184,0.96704450,50
e7bcddcfa7062d85ab015b567290d94643968e89570304a14e9492a80a730d1e,97,classical_cnn,exact_source,transformer,ppo_only_stochastic,304,31,0.10197368,0.04733553,0.99780317,50
e7bcddcfa7062d85ab015b567290d94643968e89570304a14e9492a80a730d1e,97,classical_cnn,exact_source,transformer,random_action,304,29,0.09539474,0.03990132,0.99943126,50
e7bcddcfa7062d85ab015b567290d94643968e89570304a14e9492a80a730d1e,97,classical_cnn,exact_source,transformer,score_greedy,304,28,0.09210526,0.04164474,0.99963574,50
e7bcddcfa7062d85ab015b567290d94643968e89570304a14e9492a80a730d1e,97,classical_cnn,seen_family_new_instance,modern_cnn,bandit_action,182,0,0.00000000,0.00000000,0.99080077,50
e7bcddcfa7062d85ab015b567290d94643968e89570304a14e9492a80a730d1e,97,classical_cnn,seen_family_new_instance,modern_cnn,gradient_bc_groupdro_ppo_stochastic,182,8,0.04395604,0.01329670,0.93630793,50
e7bcddcfa7062d85ab015b567290d94643968e89570304a14e9492a80a730d1e,97,classical_cnn,seen_family_new_instance,modern_cnn,gradient_bc_only_stochastic,182,8,0.04395604,0.01780220,0.96374209,50
e7bcddcfa7062d85ab015b567290d94643968e89570304a14e9492a80a730d1e,97,classical_cnn,seen_family_new_instance,modern_cnn,ppo_only_stochastic,182,5,0.02747253,0.01104396,0.99760644,50
e7bcddcfa7062d85ab015b567290d94643968e89570304a14e9492a80a730d1e,97,classical_cnn,seen_family_new_instance,modern_cnn,random_action,182,7,0.03846154,0.01785714,0.99860921,50
e7bcddcfa7062d85ab015b567290d94643968e89570304a14e9492a80a730d1e,97,classical_cnn,seen_family_new_instance,modern_cnn,score_greedy,182,7,0.03846154,0.00840659,0.99941885,50
e7bcddcfa7062d85ab015b567290d94643968e89570304a14e9492a80a730d1e,97,classical_cnn,seen_family_new_instance,transformer,bandit_action,146,9,0.06164384,0.04856164,0.98566629,50
e7bcddcfa7062d85ab015b567290d94643968e89570304a14e9492a80a730d1e,97,classical_cnn,seen_family_new_instance,transformer,gradient_bc_groupdro_ppo_stochastic,146,18,0.12328767,0.05520548,0.94026557,50
e7bcddcfa7062d85ab015b567290d94643968e89570304a14e9492a80a730d1e,97,classical_cnn,seen_family_new_instance,transformer,gradient_bc_only_stochastic,146,16,0.10958904,0.05232877,0.96713695,50
e7bcddcfa7062d85ab015b567290d94643968e89570304a14e9492a80a730d1e,97,classical_cnn,seen_family_new_instance,transformer,ppo_only_stochastic,146,14,0.09589041,0.04465753,0.99686908,50
e7bcddcfa7062d85ab015b567290d94643968e89570304a14e9492a80a730d1e,97,classical_cnn,seen_family_new_instance,transformer,random_action,146,13,0.08904110,0.04061644,0.99863927,50
e7bcddcfa7062d85ab015b567290d94643968e89570304a14e9492a80a730d1e,97,classical_cnn,seen_family_new_instance,transformer,score_greedy,146,12,0.08219178,0.03808219,0.99925293,50
2f3a133cfcb06bd1204f16a242a6ed1e808a0123fdab20f1336995ba1de7e807,113,classical_cnn,exact_source,modern_cnn,bandit_action,361,7,0.01939058,0.01409972,0.99460376,50
2f3a133cfcb06bd1204f16a242a6ed1e808a0123fdab20f1336995ba1de7e807,113,classical_cnn,exact_source,modern_cnn,gradient_bc_groupdro_ppo_stochastic,361,17,0.04709141,0.01975069,0.94790124,50
2f3a133cfcb06bd1204f16a242a6ed1e808a0123fdab20f1336995ba1de7e807,113,classical_cnn,exact_source,modern_cnn,gradient_bc_only_stochastic,361,17,0.04709141,0.02274238,0.96656105,50
2f3a133cfcb06bd1204f16a242a6ed1e808a0123fdab20f1336995ba1de7e807,113,classical_cnn,exact_source,modern_cnn,ppo_only_stochastic,361,15,0.04155125,0.01714681,0.99709651,50
2f3a133cfcb06bd1204f16a242a6ed1e808a0123fdab20f1336995ba1de7e807,113,classical_cnn,exact_source,modern_cnn,random_action,361,14,0.03878116,0.01518006,0.99936669,50
2f3a133cfcb06bd1204f16a242a6ed1e808a0123fdab20f1336995ba1de7e807,113,classical_cnn,exact_source,modern_cnn,score_greedy,361,14,0.03878116,0.02027701,0.99958803,50
2f3a133cfcb06bd1204f16a242a6ed1e808a0123fdab20f1336995ba1de7e807,113,classical_cnn,exact_source,transformer,bandit_action,304,13,0.04276316,0.03095395,0.99423340,50
2f3a133cfcb06bd1204f16a242a6ed1e808a0123fdab20f1336995ba1de7e807,113,classical_cnn,exact_source,transformer,gradient_bc_groupdro_ppo_stochastic,304,37,0.12171053,0.05398026,0.95011513,50
2f3a133cfcb06bd1204f16a242a6ed1e808a0123fdab20f1336995ba1de7e807,113,classical_cnn,exact_source,transformer,gradient_bc_only_stochastic,304,37,0.12171053,0.05042763,0.96667719,50
2f3a133cfcb06bd1204f16a242a6ed1e808a0123fdab20f1336995ba1de7e807,113,classical_cnn,exact_source,transformer,ppo_only_stochastic,304,28,0.09210526,0.04078947,0.99725274,50
2f3a133cfcb06bd1204f16a242a6ed1e808a0123fdab20f1336995ba1de7e807,113,classical_cnn,exact_source,transformer,random_action,304,27,0.08881579,0.03976974,0.99935916,50
2f3a133cfcb06bd1204f16a242a6ed1e808a0123fdab20f1336995ba1de7e807,113,classical_cnn,exact_source,transformer,score_greedy,304,30,0.09868421,0.04697368,0.99960694,50
2f3a133cfcb06bd1204f16a242a6ed1e808a0123fdab20f1336995ba1de7e807,113,classical_cnn,seen_family_new_instance,modern_cnn,bandit_action,182,3,0.01648352,0.01192308,0.99067542,50
2f3a133cfcb06bd1204f16a242a6ed1e808a0123fdab20f1336995ba1de7e807,113,classical_cnn,seen_family_new_instance,modern_cnn,gradient_bc_groupdro_ppo_stochastic,182,9,0.04945055,0.01697802,0.94908981,50
2f3a133cfcb06bd1204f16a242a6ed1e808a0123fdab20f1336995ba1de7e807,113,classical_cnn,seen_family_new_instance,modern_cnn,gradient_bc_only_stochastic,182,9,0.04945055,0.01895604,0.96389438,50
2f3a133cfcb06bd1204f16a242a6ed1e808a0123fdab20f1336995ba1de7e807,113,classical_cnn,seen_family_new_instance,modern_cnn,ppo_only_stochastic,182,6,0.03296703,0.00923077,0.99644617,50
2f3a133cfcb06bd1204f16a242a6ed1e808a0123fdab20f1336995ba1de7e807,113,classical_cnn,seen_family_new_instance,modern_cnn,random_action,182,5,0.02747253,0.01104396,0.99875247,50
2f3a133cfcb06bd1204f16a242a6ed1e808a0123fdab20f1336995ba1de7e807,113,classical_cnn,seen_family_new_instance,modern_cnn,score_greedy,182,5,0.02747253,0.00917582,0.99951075,50
2f3a133cfcb06bd1204f16a242a6ed1e808a0123fdab20f1336995ba1de7e807,113,classical_cnn,seen_family_new_instance,transformer,bandit_action,146,6,0.04109589,0.03246575,0.98715881,50
2f3a133cfcb06bd1204f16a242a6ed1e808a0123fdab20f1336995ba1de7e807,113,classical_cnn,seen_family_new_instance,transformer,gradient_bc_groupdro_ppo_stochastic,146,21,0.14383562,0.06595890,0.94845518,50
2f3a133cfcb06bd1204f16a242a6ed1e808a0123fdab20f1336995ba1de7e807,113,classical_cnn,seen_family_new_instance,transformer,gradient_bc_only_stochastic,146,18,0.12328767,0.04835616,0.96554949,50
2f3a133cfcb06bd1204f16a242a6ed1e808a0123fdab20f1336995ba1de7e807,113,classical_cnn,seen_family_new_instance,transformer,ppo_only_stochastic,146,15,0.10273973,0.05075342,0.99498169,50
2f3a133cfcb06bd1204f16a242a6ed1e808a0123fdab20f1336995ba1de7e807,113,classical_cnn,seen_family_new_instance,transformer,random_action,146,16,0.10958904,0.03863014,0.99854955,50
2f3a133cfcb06bd1204f16a242a6ed1e808a0123fdab20f1336995ba1de7e807,113,classical_cnn,seen_family_new_instance,transformer,score_greedy,146,15,0.10273973,0.04253425,0.99938043,50
2667184d8913e755c6b9c40c58ae942f685bf3fa37bf5c1b1908c397e8987e34,131,classical_cnn,exact_source,modern_cnn,bandit_action,361,8,0.02216066,0.01617729,0.99404987,50
2667184d8913e755c6b9c40c58ae942f685bf3fa37bf5c1b1908c397e8987e34,131,classical_cnn,exact_source,modern_cnn,gradient_bc_groupdro_ppo_stochastic,361,17,0.04709141,0.02235457,0.93481159,50
2667184d8913e755c6b9c40c58ae942f685bf3fa37bf5c1b1908c397e8987e34,131,classical_cnn,exact_source,modern_cnn,gradient_bc_only_stochastic,361,19,0.05263158,0.02252078,0.96457462,50
2667184d8913e755c6b9c40c58ae942f685bf3fa37bf5c1b1908c397e8987e34,131,classical_cnn,exact_source,modern_cnn,ppo_only_stochastic,361,15,0.04155125,0.01609418,0.99774078,50
2667184d8913e755c6b9c40c58ae942f685bf3fa37bf5c1b1908c397e8987e34,131,classical_cnn,exact_source,modern_cnn,random_action,361,13,0.03601108,0.01775623,0.99949266,50
2667184d8913e755c6b9c40c58ae942f685bf3fa37bf5c1b1908c397e8987e34,131,classical_cnn,exact_source,modern_cnn,score_greedy,361,13,0.03601108,0.01642659,0.99962249,50
2667184d8913e755c6b9c40c58ae942f685bf3fa37bf5c1b1908c397e8987e34,131,classical_cnn,exact_source,transformer,bandit_action,304,13,0.04276316,0.02983553,0.99519386,50
2667184d8913e755c6b9c40c58ae942f685bf3fa37bf5c1b1908c397e8987e34,131,classical_cnn,exact_source,transformer,gradient_bc_groupdro_ppo_stochastic,304,36,0.11842105,0.05598684,0.93944596,50
2667184d8913e755c6b9c40c58ae942f685bf3fa37bf5c1b1908c397e8987e34,131,classical_cnn,exact_source,transformer,gradient_bc_only_stochastic,304,34,0.11184211,0.04953947,0.96848196,50
2667184d8913e755c6b9c40c58ae942f685bf3fa37bf5c1b1908c397e8987e34,131,classical_cnn,exact_source,transformer,ppo_only_stochastic,304,31,0.10197368,0.04338816,0.99735146,50
2667184d8913e755c6b9c40c58ae942f685bf3fa37bf5c1b1908c397e8987e34,131,classical_cnn,exact_source,transformer,random_action,304,31,0.10197368,0.04457237,0.99940121,50
2667184d8913e755c6b9c40c58ae942f685bf3fa37bf5c1b1908c397e8987e34,131,classical_cnn,exact_source,transformer,score_greedy,304,31,0.10197368,0.04391447,0.99960424,50
2667184d8913e755c6b9c40c58ae942f685bf3fa37bf5c1b1908c397e8987e34,131,classical_cnn,seen_family_new_instance,modern_cnn,bandit_action,182,3,0.01648352,0.01159341,0.99297919,50
2667184d8913e755c6b9c40c58ae942f685bf3fa37bf5c1b1908c397e8987e34,131,classical_cnn,seen_family_new_instance,modern_cnn,gradient_bc_groupdro_ppo_stochastic,182,10,0.05494505,0.01439560,0.93862657,50
2667184d8913e755c6b9c40c58ae942f685bf3fa37bf5c1b1908c397e8987e34,131,classical_cnn,seen_family_new_instance,modern_cnn,gradient_bc_only_stochastic,182,11,0.06043956,0.01862637,0.96474412,50
2667184d8913e755c6b9c40c58ae942f685bf3fa37bf5c1b1908c397e8987e34,131,classical_cnn,seen_family_new_instance,modern_cnn,ppo_only_stochastic,182,5,0.02747253,0.00961538,0.99710628,50
2667184d8913e755c6b9c40c58ae942f685bf3fa37bf5c1b1908c397e8987e34,131,classical_cnn,seen_family_new_instance,modern_cnn,random_action,182,4,0.02197802,0.01131868,0.99888247,50
2667184d8913e755c6b9c40c58ae942f685bf3fa37bf5c1b1908c397e8987e34,131,classical_cnn,seen_family_new_instance,modern_cnn,score_greedy,182,6,0.03296703,0.01307692,0.99940580,50
2667184d8913e755c6b9c40c58ae942f685bf3fa37bf5c1b1908c397e8987e34,131,classical_cnn,seen_family_new_instance,transformer,bandit_action,146,8,0.05479452,0.04123288,0.98975649,50
2667184d8913e755c6b9c40c58ae942f685bf3fa37bf5c1b1908c397e8987e34,131,classical_cnn,seen_family_new_instance,transformer,gradient_bc_groupdro_ppo_stochastic,146,15,0.10273973,0.05527397,0.93774879,50
2667184d8913e755c6b9c40c58ae942f685bf3fa37bf5c1b1908c397e8987e34,131,classical_cnn,seen_family_new_instance,transformer,gradient_bc_only_stochastic,146,22,0.15068493,0.05835616,0.96514433,50
2667184d8913e755c6b9c40c58ae942f685bf3fa37bf5c1b1908c397e8987e34,131,classical_cnn,seen_family_new_instance,transformer,ppo_only_stochastic,146,14,0.09589041,0.04136986,0.99624231,50
2667184d8913e755c6b9c40c58ae942f685bf3fa37bf5c1b1908c397e8987e34,131,classical_cnn,seen_family_new_instance,transformer,random_action,146,14,0.09589041,0.04109589,0.99870024,50
2667184d8913e755c6b9c40c58ae942f685bf3fa37bf5c1b1908c397e8987e34,131,classical_cnn,seen_family_new_instance,transformer,score_greedy,146,14,0.09589041,0.04616438,0.99907359,50
1cf77a92bb5b91c315fde390250e88026110e9b24a2f83531d2a97fb069f5b2e,149,classical_cnn,exact_source,modern_cnn,bandit_action,361,6,0.01662050,0.01296399,0.99657994,50
1cf77a92bb5b91c315fde390250e88026110e9b24a2f83531d2a97fb069f5b2e,149,classical_cnn,exact_source,modern_cnn,gradient_bc_groupdro_ppo_stochastic,361,17,0.04709141,0.02296399,0.89795982,50
1cf77a92bb5b91c315fde390250e88026110e9b24a2f83531d2a97fb069f5b2e,149,classical_cnn,exact_source,modern_cnn,gradient_bc_only_stochastic,361,17,0.04709141,0.02096953,0.96503559,50
1cf77a92bb5b91c315fde390250e88026110e9b24a2f83531d2a97fb069f5b2e,149,classical_cnn,exact_source,modern_cnn,ppo_only_stochastic,361,16,0.04432133,0.01800554,0.99763168,50
1cf77a92bb5b91c315fde390250e88026110e9b24a2f83531d2a97fb069f5b2e,149,classical_cnn,exact_source,modern_cnn,random_action,361,14,0.03878116,0.01656510,0.99948837,50
1cf77a92bb5b91c315fde390250e88026110e9b24a2f83531d2a97fb069f5b2e,149,classical_cnn,exact_source,modern_cnn,score_greedy,361,15,0.04155125,0.02085873,0.99973930,50
1cf77a92bb5b91c315fde390250e88026110e9b24a2f83531d2a97fb069f5b2e,149,classical_cnn,exact_source,transformer,bandit_action,304,12,0.03947368,0.03000000,0.99447551,50
1cf77a92bb5b91c315fde390250e88026110e9b24a2f83531d2a97fb069f5b2e,149,classical_cnn,exact_source,transformer,gradient_bc_groupdro_ppo_stochastic,304,32,0.10526316,0.05282895,0.89944249,50
1cf77a92bb5b91c315fde390250e88026110e9b24a2f83531d2a97fb069f5b2e,149,classical_cnn,exact_source,transformer,gradient_bc_only_stochastic,304,34,0.11184211,0.05263158,0.96537319,50
1cf77a92bb5b91c315fde390250e88026110e9b24a2f83531d2a97fb069f5b2e,149,classical_cnn,exact_source,transformer,ppo_only_stochastic,304,32,0.10526316,0.04769737,0.99735688,50
1cf77a92bb5b91c315fde390250e88026110e9b24a2f83531d2a97fb069f5b2e,149,classical_cnn,exact_source,transformer,random_action,304,35,0.11513158,0.04687500,0.99930521,50
1cf77a92bb5b91c315fde390250e88026110e9b24a2f83531d2a97fb069f5b2e,149,classical_cnn,exact_source,transformer,score_greedy,304,30,0.09868421,0.04552632,0.99973264,50
1cf77a92bb5b91c315fde390250e88026110e9b24a2f83531d2a97fb069f5b2e,149,classical_cnn,seen_family_new_instance,modern_cnn,bandit_action,182,3,0.01648352,0.01071429,0.99067767,50
1cf77a92bb5b91c315fde390250e88026110e9b24a2f83531d2a97fb069f5b2e,149,classical_cnn,seen_family_new_instance,modern_cnn,gradient_bc_groupdro_ppo_stochastic,182,9,0.04945055,0.02291209,0.89671408,50
1cf77a92bb5b91c315fde390250e88026110e9b24a2f83531d2a97fb069f5b2e,149,classical_cnn,seen_family_new_instance,modern_cnn,gradient_bc_only_stochastic,182,8,0.04395604,0.01989011,0.96376287,50
1cf77a92bb5b91c315fde390250e88026110e9b24a2f83531d2a97fb069f5b2e,149,classical_cnn,seen_family_new_instance,modern_cnn,ppo_only_stochastic,182,6,0.03296703,0.00802198,0.99698720,50
1cf77a92bb5b91c315fde390250e88026110e9b24a2f83531d2a97fb069f5b2e,149,classical_cnn,seen_family_new_instance,modern_cnn,random_action,182,7,0.03846154,0.01598901,0.99876067,50
1cf77a92bb5b91c315fde390250e88026110e9b24a2f83531d2a97fb069f5b2e,149,classical_cnn,seen_family_new_instance,modern_cnn,score_greedy,182,6,0.03296703,0.00846154,0.99929042,50
1cf77a92bb5b91c315fde390250e88026110e9b24a2f83531d2a97fb069f5b2e,149,classical_cnn,seen_family_new_instance,transformer,bandit_action,146,6,0.04109589,0.03095890,0.98456563,50
1cf77a92bb5b91c315fde390250e88026110e9b24a2f83531d2a97fb069f5b2e,149,classical_cnn,seen_family_new_instance,transformer,gradient_bc_groupdro_ppo_stochastic,146,15,0.10273973,0.05842466,0.89354394,50
1cf77a92bb5b91c315fde390250e88026110e9b24a2f83531d2a97fb069f5b2e,149,classical_cnn,seen_family_new_instance,transformer,gradient_bc_only_stochastic,146,18,0.12328767,0.05753425,0.96485116,50
1cf77a92bb5b91c315fde390250e88026110e9b24a2f83531d2a97fb069f5b2e,149,classical_cnn,seen_family_new_instance,transformer,ppo_only_stochastic,146,14,0.09589041,0.03835616,0.99630360,50
1cf77a92bb5b91c315fde390250e88026110e9b24a2f83531d2a97fb069f5b2e,149,classical_cnn,seen_family_new_instance,transformer,random_action,146,13,0.08904110,0.04335616,0.99843069,50
1cf77a92bb5b91c315fde390250e88026110e9b24a2f83531d2a97fb069f5b2e,149,classical_cnn,seen_family_new_instance,transformer,score_greedy,146,15,0.10273973,0.04349315,0.99928167,50
e03754df05baa109e1ff99033381e080f006906c6c09a6bbfcde560685f7a0f9,17,modern_cnn,exact_source,classical_cnn,bandit_action,369,3,0.00813008,0.00658537,0.99504329,50
e03754df05baa109e1ff99033381e080f006906c6c09a6bbfcde560685f7a0f9,17,modern_cnn,exact_source,classical_cnn,gradient_bc_groupdro_ppo_stochastic,369,12,0.03252033,0.01349593,0.91428865,50
e03754df05baa109e1ff99033381e080f006906c6c09a6bbfcde560685f7a0f9,17,modern_cnn,exact_source,classical_cnn,gradient_bc_only_stochastic,369,12,0.03252033,0.01680217,0.96807008,50
e03754df05baa109e1ff99033381e080f006906c6c09a6bbfcde560685f7a0f9,17,modern_cnn,exact_source,classical_cnn,ppo_only_stochastic,369,14,0.03794038,0.01376694,0.99819508,50
e03754df05baa109e1ff99033381e080f006906c6c09a6bbfcde560685f7a0f9,17,modern_cnn,exact_source,classical_cnn,random_action,369,11,0.02981030,0.01173442,0.99947924,50
e03754df05baa109e1ff99033381e080f006906c6c09a6bbfcde560685f7a0f9,17,modern_cnn,exact_source,classical_cnn,score_greedy,369,11,0.02981030,0.01308943,0.99966820,50
e03754df05baa109e1ff99033381e080f006906c6c09a6bbfcde560685f7a0f9,17,modern_cnn,exact_source,transformer,bandit_action,304,15,0.04934211,0.03634868,0.99346817,50
e03754df05baa109e1ff99033381e080f006906c6c09a6bbfcde560685f7a0f9,17,modern_cnn,exact_source,transformer,gradient_bc_groupdro_ppo_stochastic,304,34,0.11184211,0.05223684,0.91369452,50
e03754df05baa109e1ff99033381e080f006906c6c09a6bbfcde560685f7a0f9,17,modern_cnn,exact_source,transformer,gradient_bc_only_stochastic,304,35,0.11513158,0.05562500,0.97009650,50
e03754df05baa109e1ff99033381e080f006906c6c09a6bbfcde560685f7a0f9,17,modern_cnn,exact_source,transformer,ppo_only_stochastic,304,32,0.10526316,0.05006579,0.99756153,50
e03754df05baa109e1ff99033381e080f006906c6c09a6bbfcde560685f7a0f9,17,modern_cnn,exact_source,transformer,random_action,304,30,0.09868421,0.04559211,0.99935781,50
e03754df05baa109e1ff99033381e080f006906c6c09a6bbfcde560685f7a0f9,17,modern_cnn,exact_source,transformer,score_greedy,304,29,0.09539474,0.03950658,0.99964290,50
e03754df05baa109e1ff99033381e080f006906c6c09a6bbfcde560685f7a0f9,17,modern_cnn,seen_family_new_instance,classical_cnn,bandit_action,183,3,0.01639344,0.01327869,0.99171646,50
e03754df05baa109e1ff99033381e080f006906c6c09a6bbfcde560685f7a0f9,17,modern_cnn,seen_family_new_instance,classical_cnn,gradient_bc_groupdro_ppo_stochastic,183,8,0.04371585,0.01825137,0.91116003,50
e03754df05baa109e1ff99033381e080f006906c6c09a6bbfcde560685f7a0f9,17,modern_cnn,seen_family_new_instance,classical_cnn,gradient_bc_only_stochastic,183,8,0.04371585,0.02491803,0.96727837,50
e03754df05baa109e1ff99033381e080f006906c6c09a6bbfcde560685f7a0f9,17,modern_cnn,seen_family_new_instance,classical_cnn,ppo_only_stochastic,183,7,0.03825137,0.02234973,0.99768499,50
e03754df05baa109e1ff99033381e080f006906c6c09a6bbfcde560685f7a0f9,17,modern_cnn,seen_family_new_instance,classical_cnn,random_action,183,9,0.04918033,0.01972678,0.99896074,50
e03754df05baa109e1ff99033381e080f006906c6c09a6bbfcde560685f7a0f9,17,modern_cnn,seen_family_new_instance,classical_cnn,score_greedy,183,8,0.04371585,0.02240437,0.99949916,50
e03754df05baa109e1ff99033381e080f006906c6c09a6bbfcde560685f7a0f9,17,modern_cnn,seen_family_new_instance,transformer,bandit_action,146,5,0.03424658,0.02760274,0.98698167,50
e03754df05baa109e1ff99033381e080f006906c6c09a6bbfcde560685f7a0f9,17,modern_cnn,seen_family_new_instance,transformer,gradient_bc_groupdro_ppo_stochastic,146,16,0.10958904,0.05452055,0.90853385,50
e03754df05baa109e1ff99033381e080f006906c6c09a6bbfcde560685f7a0f9,17,modern_cnn,seen_family_new_instance,transformer,gradient_bc_only_stochastic,146,15,0.10273973,0.05034247,0.97169365,50
e03754df05baa109e1ff99033381e080f006906c6c09a6bbfcde560685f7a0f9,17,modern_cnn,seen_family_new_instance,transformer,ppo_only_stochastic,146,11,0.07534247,0.03760274,0.99651861,50
e03754df05baa109e1ff99033381e080f006906c6c09a6bbfcde560685f7a0f9,17,modern_cnn,seen_family_new_instance,transformer,random_action,146,15,0.10273973,0.03760274,0.99873049,50
e03754df05baa109e1ff99033381e080f006906c6c09a6bbfcde560685f7a0f9,17,modern_cnn,seen_family_new_instance,transformer,score_greedy,146,14,0.09589041,0.03616438,0.99922444,50
70806cb5b5fb875af7a1196ae23c3170c0e2e736091b426b2d54e9f823f0316e,29,modern_cnn,exact_source,classical_cnn,bandit_action,369,3,0.00813008,0.00696477,0.99689726,50
70806cb5b5fb875af7a1196ae23c3170c0e2e736091b426b2d54e9f823f0316e,29,modern_cnn,exact_source,classical_cnn,gradient_bc_groupdro_ppo_stochastic,369,17,0.04607046,0.01607046,0.95470812,50
70806cb5b5fb875af7a1196ae23c3170c0e2e736091b426b2d54e9f823f0316e,29,modern_cnn,exact_source,classical_cnn,gradient_bc_only_stochastic,369,12,0.03252033,0.01555556,0.96457262,50
70806cb5b5fb875af7a1196ae23c3170c0e2e736091b426b2d54e9f823f0316e,29,modern_cnn,exact_source,classical_cnn,ppo_only_stochastic,369,10,0.02710027,0.01436314,0.99744481,50
70806cb5b5fb875af7a1196ae23c3170c0e2e736091b426b2d54e9f823f0316e,29,modern_cnn,exact_source,classical_cnn,random_action,369,11,0.02981030,0.01146341,0.99936387,50
70806cb5b5fb875af7a1196ae23c3170c0e2e736091b426b2d54e9f823f0316e,29,modern_cnn,exact_source,classical_cnn,score_greedy,369,10,0.02710027,0.01295393,0.99976080,50
70806cb5b5fb875af7a1196ae23c3170c0e2e736091b426b2d54e9f823f0316e,29,modern_cnn,exact_source,transformer,bandit_action,304,13,0.04276316,0.03424342,0.99430442,50
70806cb5b5fb875af7a1196ae23c3170c0e2e736091b426b2d54e9f823f0316e,29,modern_cnn,exact_source,transformer,gradient_bc_groupdro_ppo_stochastic,304,45,0.14802632,0.05832237,0.95239260,50
70806cb5b5fb875af7a1196ae23c3170c0e2e736091b426b2d54e9f823f0316e,29,modern_cnn,exact_source,transformer,gradient_bc_only_stochastic,304,34,0.11184211,0.05078947,0.96530367,50
70806cb5b5fb875af7a1196ae23c3170c0e2e736091b426b2d54e9f823f0316e,29,modern_cnn,exact_source,transformer,ppo_only_stochastic,304,31,0.10197368,0.04588816,0.99758389,50
70806cb5b5fb875af7a1196ae23c3170c0e2e736091b426b2d54e9f823f0316e,29,modern_cnn,exact_source,transformer,random_action,304,33,0.10855263,0.04759868,0.99941888,50
70806cb5b5fb875af7a1196ae23c3170c0e2e736091b426b2d54e9f823f0316e,29,modern_cnn,exact_source,transformer,score_greedy,304,30,0.09868421,0.04414474,0.99962698,50
70806cb5b5fb875af7a1196ae23c3170c0e2e736091b426b2d54e9f823f0316e,29,modern_cnn,seen_family_new_instance,classical_cnn,bandit_action,183,3,0.01639344,0.01371585,0.99205652,50
70806cb5b5fb875af7a1196ae23c3170c0e2e736091b426b2d54e9f823f0316e,29,modern_cnn,seen_family_new_instance,classical_cnn,gradient_bc_groupdro_ppo_stochastic,183,10,0.05464481,0.02590164,0.95163633,50
70806cb5b5fb875af7a1196ae23c3170c0e2e736091b426b2d54e9f823f0316e,29,modern_cnn,seen_family_new_instance,classical_cnn,gradient_bc_only_stochastic,183,10,0.05464481,0.02349727,0.96421908,50
70806cb5b5fb875af7a1196ae23c3170c0e2e736091b426b2d54e9f823f0316e,29,modern_cnn,seen_family_new_instance,classical_cnn,ppo_only_stochastic,183,5,0.02732240,0.01819672,0.99699088,50
70806cb5b5fb875af7a1196ae23c3170c0e2e736091b426b2d54e9f823f0316e,29,modern_cnn,seen_family_new_instance,classical_cnn,random_action,183,7,0.03825137,0.02311475,0.99868953,50
70806cb5b5fb875af7a1196ae23c3170c0e2e736091b426b2d54e9f823f0316e,29,modern_cnn,seen_family_new_instance,classical_cnn,score_greedy,183,8,0.04371585,0.02262295,0.99936964,50
70806cb5b5fb875af7a1196ae23c3170c0e2e736091b426b2d54e9f823f0316e,29,modern_cnn,seen_family_new_instance,transformer,bandit_action,146,6,0.04109589,0.03136986,0.98512542,50
70806cb5b5fb875af7a1196ae23c3170c0e2e736091b426b2d54e9f823f0316e,29,modern_cnn,seen_family_new_instance,transformer,gradient_bc_groupdro_ppo_stochastic,146,16,0.10958904,0.05506849,0.95480339,50
70806cb5b5fb875af7a1196ae23c3170c0e2e736091b426b2d54e9f823f0316e,29,modern_cnn,seen_family_new_instance,transformer,gradient_bc_only_stochastic,146,17,0.11643836,0.05349315,0.96430591,50
70806cb5b5fb875af7a1196ae23c3170c0e2e736091b426b2d54e9f823f0316e,29,modern_cnn,seen_family_new_instance,transformer,ppo_only_stochastic,146,14,0.09589041,0.04397260,0.99668331,50
70806cb5b5fb875af7a1196ae23c3170c0e2e736091b426b2d54e9f823f0316e,29,modern_cnn,seen_family_new_instance,transformer,random_action,146,13,0.08904110,0.04253425,0.99809522,50
70806cb5b5fb875af7a1196ae23c3170c0e2e736091b426b2d54e9f823f0316e,29,modern_cnn,seen_family_new_instance,transformer,score_greedy,146,14,0.09589041,0.04575342,0.99912230,50
302aa7c6ecd69c7c52b892ac044f8634e37e98db7f2c384c882edc79667e42d0,41,modern_cnn,exact_source,classical_cnn,bandit_action,369,7,0.01897019,0.01384824,0.99500830,50
302aa7c6ecd69c7c52b892ac044f8634e37e98db7f2c384c882edc79667e42d0,41,modern_cnn,exact_source,classical_cnn,gradient_bc_groupdro_ppo_stochastic,369,16,0.04336043,0.01598916,0.90002960,50
302aa7c6ecd69c7c52b892ac044f8634e37e98db7f2c384c882edc79667e42d0,41,modern_cnn,exact_source,classical_cnn,gradient_bc_only_stochastic,369,15,0.04065041,0.01682927,0.96590791,50
302aa7c6ecd69c7c52b892ac044f8634e37e98db7f2c384c882edc79667e42d0,41,modern_cnn,exact_source,classical_cnn,ppo_only_stochastic,369,11,0.02981030,0.01336043,0.99784491,50
302aa7c6ecd69c7c52b892ac044f8634e37e98db7f2c384c882edc79667e42d0,41,modern_cnn,exact_source,classical_cnn,random_action,369,10,0.02710027,0.00997290,0.99941496,50
302aa7c6ecd69c7c52b892ac044f8634e37e98db7f2c384c882edc79667e42d0,41,modern_cnn,exact_source,classical_cnn,score_greedy,369,12,0.03252033,0.01355014,0.99964870,50
302aa7c6ecd69c7c52b892ac044f8634e37e98db7f2c384c882edc79667e42d0,41,modern_cnn,exact_source,transformer,bandit_action,304,17,0.05592105,0.04009868,0.99359782,50
302aa7c6ecd69c7c52b892ac044f8634e37e98db7f2c384c882edc79667e42d0,41,modern_cnn,exact_source,transformer,gradient_bc_groupdro_ppo_stochastic,304,41,0.13486842,0.06312500,0.89716774,50
302aa7c6ecd69c7c52b892ac044f8634e37e98db7f2c384c882edc79667e42d0,41,modern_cnn,exact_source,transformer,gradient_bc_only_stochastic,304,34,0.11184211,0.05414474,0.96619107,50
302aa7c6ecd69c7c52b892ac044f8634e37e98db7f2c384c882edc79667e42d0,41,modern_cnn,exact_source,transformer,ppo_only_stochastic,304,32,0.10526316,0.04526316,0.99769721,50
302aa7c6ecd69c7c52b892ac044f8634e37e98db7f2c384c882edc79667e42d0,41,modern_cnn,exact_source,transformer,random_action,304,29,0.09539474,0.03957237,0.99943234,50
302aa7c6ecd69c7c52b892ac044f8634e37e98db7f2c384c882edc79667e42d0,41,modern_cnn,exact_source,transformer,score_greedy,304,30,0.09868421,0.04381579,0.99963087,50
302aa7c6ecd69c7c52b892ac044f8634e37e98db7f2c384c882edc79667e42d0,41,modern_cnn,seen_family_new_instance,classical_cnn,bandit_action,183,3,0.01639344,0.01273224,0.99029457,50
302aa7c6ecd69c7c52b892ac044f8634e37e98db7f2c384c882edc79667e42d0,41,modern_cnn,seen_family_new_instance,classical_cnn,gradient_bc_groupdro_ppo_stochastic,183,8,0.04371585,0.02765027,0.89925485,50
302aa7c6ecd69c7c52b892ac044f8634e37e98db7f2c384c882edc79667e42d0,41,modern_cnn,seen_family_new_instance,classical_cnn,gradient_bc_only_stochastic,183,10,0.05464481,0.02721311,0.96708945,50
302aa7c6ecd69c7c52b892ac044f8634e37e98db7f2c384c882edc79667e42d0,41,modern_cnn,seen_family_new_instance,classical_cnn,ppo_only_stochastic,183,8,0.04371585,0.02065574,0.99732026,50
302aa7c6ecd69c7c52b892ac044f8634e37e98db7f2c384c882edc79667e42d0,41,modern_cnn,seen_family_new_instance,classical_cnn,random_action,183,7,0.03825137,0.01808743,0.99893202,50
302aa7c6ecd69c7c52b892ac044f8634e37e98db7f2c384c882edc79667e42d0,41,modern_cnn,seen_family_new_instance,classical_cnn,score_greedy,183,7,0.03825137,0.02147541,0.99943659,50
302aa7c6ecd69c7c52b892ac044f8634e37e98db7f2c384c882edc79667e42d0,41,modern_cnn,seen_family_new_instance,transformer,bandit_action,146,7,0.04794521,0.03869863,0.98884614,50
302aa7c6ecd69c7c52b892ac044f8634e37e98db7f2c384c882edc79667e42d0,41,modern_cnn,seen_family_new_instance,transformer,gradient_bc_groupdro_ppo_stochastic,146,15,0.10273973,0.05212329,0.90670675,50
302aa7c6ecd69c7c52b892ac044f8634e37e98db7f2c384c882edc79667e42d0,41,modern_cnn,seen_family_new_instance,transformer,gradient_bc_only_stochastic,146,15,0.10273973,0.05623288,0.96497425,50
302aa7c6ecd69c7c52b892ac044f8634e37e98db7f2c384c882edc79667e42d0,41,modern_cnn,seen_family_new_instance,transformer,ppo_only_stochastic,146,14,0.09589041,0.04712329,0.99630950,50
302aa7c6ecd69c7c52b892ac044f8634e37e98db7f2c384c882edc79667e42d0,41,modern_cnn,seen_family_new_instance,transformer,random_action,146,14,0.09589041,0.04410959,0.99853390,50
302aa7c6ecd69c7c52b892ac044f8634e37e98db7f2c384c882edc79667e42d0,41,modern_cnn,seen_family_new_instance,transformer,score_greedy,146,14,0.09589041,0.04000000,0.99926085,50
5781df037eb56af073ed70a5e1cc12ec812ffdbd382f1735c1c3fce7043d3878,53,modern_cnn,exact_source,classical_cnn,bandit_action,369,4,0.01084011,0.00764228,0.99430048,50
5781df037eb56af073ed70a5e1cc12ec812ffdbd382f1735c1c3fce7043d3878,53,modern_cnn,exact_source,classical_cnn,gradient_bc_groupdro_ppo_stochastic,369,15,0.04065041,0.01617886,0.92768346,50
5781df037eb56af073ed70a5e1cc12ec812ffdbd382f1735c1c3fce7043d3878,53,modern_cnn,exact_source,classical_cnn,gradient_bc_only_stochastic,369,12,0.03252033,0.01728997,0.96467532,50
5781df037eb56af073ed70a5e1cc12ec812ffdbd382f1735c1c3fce7043d3878,53,modern_cnn,exact_source,classical_cnn,ppo_only_stochastic,369,8,0.02168022,0.01051491,0.99748228,50
5781df037eb56af073ed70a5e1cc12ec812ffdbd382f1735c1c3fce7043d3878,53,modern_cnn,exact_source,classical_cnn,random_action,369,13,0.03523035,0.01417344,0.99944070,50
5781df037eb56af073ed70a5e1cc12ec812ffdbd382f1735c1c3fce7043d3878,53,modern_cnn,exact_source,classical_cnn,score_greedy,369,13,0.03523035,0.01455285,0.99967263,50
5781df037eb56af073ed70a5e1cc12ec812ffdbd382f1735c1c3fce7043d3878,53,modern_cnn,exact_source,transformer,bandit_action,304,13,0.04276316,0.02990132,0.99320228,50
5781df037eb56af073ed70a5e1cc12ec812ffdbd382f1735c1c3fce7043d3878,53,modern_cnn,exact_source,transformer,gradient_bc_groupdro_ppo_stochastic,304,43,0.14144737,0.06042763,0.93097900,50
5781df037eb56af073ed70a5e1cc12ec812ffdbd382f1735c1c3fce7043d3878,53,modern_cnn,exact_source,transformer,gradient_bc_only_stochastic,304,37,0.12171053,0.05332237,0.96645042,50
5781df037eb56af073ed70a5e1cc12ec812ffdbd382f1735c1c3fce7043d3878,53,modern_cnn,exact_source,transformer,ppo_only_stochastic,304,30,0.09868421,0.04039474,0.99715639,50
5781df037eb56af073ed70a5e1cc12ec812ffdbd382f1735c1c3fce7043d3878,53,modern_cnn,exact_source,transformer,random_action,304,26,0.08552632,0.04315789,0.99931784,50
5781df037eb56af073ed70a5e1cc12ec812ffdbd382f1735c1c3fce7043d3878,53,modern_cnn,exact_source,transformer,score_greedy,304,30,0.09868421,0.04190789,0.99956481,50
5781df037eb56af073ed70a5e1cc12ec812ffdbd382f1735c1c3fce7043d3878,53,modern_cnn,seen_family_new_instance,classical_cnn,bandit_action,183,4,0.02185792,0.01693989,0.99259471,50
5781df037eb56af073ed70a5e1cc12ec812ffdbd382f1735c1c3fce7043d3878,53,modern_cnn,seen_family_new_instance,classical_cnn,gradient_bc_groupdro_ppo_stochastic,183,10,0.05464481,0.02677596,0.92791953,50
5781df037eb56af073ed70a5e1cc12ec812ffdbd382f1735c1c3fce7043d3878,53,modern_cnn,seen_family_new_instance,classical_cnn,gradient_bc_only_stochastic,183,8,0.04371585,0.02393443,0.96201667,50
5781df037eb56af073ed70a5e1cc12ec812ffdbd382f1735c1c3fce7043d3878,53,modern_cnn,seen_family_new_instance,classical_cnn,ppo_only_stochastic,183,6,0.03278689,0.01420765,0.99714641,50
5781df037eb56af073ed70a5e1cc12ec812ffdbd382f1735c1c3fce7043d3878,53,modern_cnn,seen_family_new_instance,classical_cnn,random_action,183,8,0.04371585,0.01890710,0.99894474,50
5781df037eb56af073ed70a5e1cc12ec812ffdbd382f1735c1c3fce7043d3878,53,modern_cnn,seen_family_new_instance,classical_cnn,score_greedy,183,8,0.04371585,0.01661202,0.99950096,50
5781df037eb56af073ed70a5e1cc12ec812ffdbd382f1735c1c3fce7043d3878,53,modern_cnn,seen_family_new_instance,transformer,bandit_action,146,8,0.05479452,0.04013699,0.98932565,50
5781df037eb56af073ed70a5e1cc12ec812ffdbd382f1735c1c3fce7043d3878,53,modern_cnn,seen_family_new_instance,transformer,gradient_bc_groupdro_ppo_stochastic,146,19,0.13013699,0.05965753,0.93428568,50
5781df037eb56af073ed70a5e1cc12ec812ffdbd382f1735c1c3fce7043d3878,53,modern_cnn,seen_family_new_instance,transformer,gradient_bc_only_stochastic,146,17,0.11643836,0.06130137,0.96460780,50
5781df037eb56af073ed70a5e1cc12ec812ffdbd382f1735c1c3fce7043d3878,53,modern_cnn,seen_family_new_instance,transformer,ppo_only_stochastic,146,15,0.10273973,0.04500000,0.99686271,50
5781df037eb56af073ed70a5e1cc12ec812ffdbd382f1735c1c3fce7043d3878,53,modern_cnn,seen_family_new_instance,transformer,random_action,146,14,0.09589041,0.04342466,0.99825520,50
5781df037eb56af073ed70a5e1cc12ec812ffdbd382f1735c1c3fce7043d3878,53,modern_cnn,seen_family_new_instance,transformer,score_greedy,146,14,0.09589041,0.03739726,0.99931269,50
f8ddfc301eea3d5b3ad3c6f10b4578bb25e65540f0702a89f0b123c145d3ed12,67,modern_cnn,exact_source,classical_cnn,bandit_action,369,5,0.01355014,0.01092141,0.99621984,50
f8ddfc301eea3d5b3ad3c6f10b4578bb25e65540f0702a89f0b123c145d3ed12,67,modern_cnn,exact_source,classical_cnn,gradient_bc_groupdro_ppo_stochastic,369,17,0.04607046,0.01791328,0.94063956,50
f8ddfc301eea3d5b3ad3c6f10b4578bb25e65540f0702a89f0b123c145d3ed12,67,modern_cnn,exact_source,classical_cnn,gradient_bc_only_stochastic,369,12,0.03252033,0.01680217,0.96761583,50
f8ddfc301eea3d5b3ad3c6f10b4578bb25e65540f0702a89f0b123c145d3ed12,67,modern_cnn,exact_source,classical_cnn,ppo_only_stochastic,369,10,0.02710027,0.01311653,0.99848389,50
f8ddfc301eea3d5b3ad3c6f10b4578bb25e65540f0702a89f0b123c145d3ed12,67,modern_cnn,exact_source,classical_cnn,random_action,369,10,0.02710027,0.01186992,0.99941658,50
f8ddfc301eea3d5b3ad3c6f10b4578bb25e65540f0702a89f0b123c145d3ed12,67,modern_cnn,exact_source,classical_cnn,score_greedy,369,11,0.02981030,0.01205962,0.99965756,50
f8ddfc301eea3d5b3ad3c6f10b4578bb25e65540f0702a89f0b123c145d3ed12,67,modern_cnn,exact_source,transformer,bandit_action,304,12,0.03947368,0.02835526,0.99435353,50
f8ddfc301eea3d5b3ad3c6f10b4578bb25e65540f0702a89f0b123c145d3ed12,67,modern_cnn,exact_source,transformer,gradient_bc_groupdro_ppo_stochastic,304,36,0.11842105,0.05322368,0.93857865,50
f8ddfc301eea3d5b3ad3c6f10b4578bb25e65540f0702a89f0b123c145d3ed12,67,modern_cnn,exact_source,transformer,gradient_bc_only_stochastic,304,38,0.12500000,0.05453947,0.96667987,50
f8ddfc301eea3d5b3ad3c6f10b4578bb25e65540f0702a89f0b123c145d3ed12,67,modern_cnn,exact_source,transformer,ppo_only_stochastic,304,29,0.09539474,0.04220395,0.99786195,50
f8ddfc301eea3d5b3ad3c6f10b4578bb25e65540f0702a89f0b123c145d3ed12,67,modern_cnn,exact_source,transformer,random_action,304,32,0.10526316,0.04572368,0.99925078,50
f8ddfc301eea3d5b3ad3c6f10b4578bb25e65540f0702a89f0b123c145d3ed12,67,modern_cnn,exact_source,transformer,score_greedy,304,30,0.09868421,0.04164474,0.99963222,50
f8ddfc301eea3d5b3ad3c6f10b4578bb25e65540f0702a89f0b123c145d3ed12,67,modern_cnn,seen_family_new_instance,classical_cnn,bandit_action,183,4,0.02185792,0.01704918,0.99101793,50
f8ddfc301eea3d5b3ad3c6f10b4578bb25e65540f0702a89f0b123c145d3ed12,67,modern_cnn,seen_family_new_instance,classical_cnn,gradient_bc_groupdro_ppo_stochastic,183,9,0.04918033,0.02333333,0.94052737,50
f8ddfc301eea3d5b3ad3c6f10b4578bb25e65540f0702a89f0b123c145d3ed12,67,modern_cnn,seen_family_new_instance,classical_cnn,gradient_bc_only_stochastic,183,8,0.04371585,0.02393443,0.96740937,50
f8ddfc301eea3d5b3ad3c6f10b4578bb25e65540f0702a89f0b123c145d3ed12,67,modern_cnn,seen_family_new_instance,classical_cnn,ppo_only_stochastic,183,6,0.03278689,0.01868852,0.99765394,50
f8ddfc301eea3d5b3ad3c6f10b4578bb25e65540f0702a89f0b123c145d3ed12,67,modern_cnn,seen_family_new_instance,classical_cnn,random_action,183,7,0.03825137,0.02049180,0.99863119,50
f8ddfc301eea3d5b3ad3c6f10b4578bb25e65540f0702a89f0b123c145d3ed12,67,modern_cnn,seen_family_new_instance,classical_cnn,score_greedy,183,7,0.03825137,0.02191257,0.99934535,50
f8ddfc301eea3d5b3ad3c6f10b4578bb25e65540f0702a89f0b123c145d3ed12,67,modern_cnn,seen_family_new_instance,transformer,bandit_action,146,9,0.06164384,0.04678082,0.98632025,50
f8ddfc301eea3d5b3ad3c6f10b4578bb25e65540f0702a89f0b123c145d3ed12,67,modern_cnn,seen_family_new_instance,transformer,gradient_bc_groupdro_ppo_stochastic,146,15,0.10273973,0.05883562,0.93888652,50
f8ddfc301eea3d5b3ad3c6f10b4578bb25e65540f0702a89f0b123c145d3ed12,67,modern_cnn,seen_family_new_instance,transformer,gradient_bc_only_stochastic,146,19,0.13013699,0.05417808,0.96580276,50
f8ddfc301eea3d5b3ad3c6f10b4578bb25e65540f0702a89f0b123c145d3ed12,67,modern_cnn,seen_family_new_instance,transformer,ppo_only_stochastic,146,15,0.10273973,0.04239726,0.99740432,50
f8ddfc301eea3d5b3ad3c6f10b4578bb25e65540f0702a89f0b123c145d3ed12,67,modern_cnn,seen_family_new_instance,transformer,random_action,146,13,0.08904110,0.04609589,0.99845166,50
f8ddfc301eea3d5b3ad3c6f10b4578bb25e65540f0702a89f0b123c145d3ed12,67,modern_cnn,seen_family_new_instance,transformer,score_greedy,146,13,0.08904110,0.04787671,0.99922259,50
3811a99e5f1bc5e25f5d9b235cc23a59ffc1a735692cbcea74ea3180f2534725,79,modern_cnn,exact_source,classical_cnn,bandit_action,369,5,0.01355014,0.01108401,0.99492391,50
3811a99e5f1bc5e25f5d9b235cc23a59ffc1a735692cbcea74ea3180f2534725,79,modern_cnn,exact_source,classical_cnn,gradient_bc_groupdro_ppo_stochastic,369,15,0.04065041,0.01552846,0.88788431,50
3811a99e5f1bc5e25f5d9b235cc23a59ffc1a735692cbcea74ea3180f2534725,79,modern_cnn,exact_source,classical_cnn,gradient_bc_only_stochastic,369,13,0.03523035,0.01325203,0.96391585,50
3811a99e5f1bc5e25f5d9b235cc23a59ffc1a735692cbcea74ea3180f2534725,79,modern_cnn,exact_source,classical_cnn,ppo_only_stochastic,369,9,0.02439024,0.01227642,0.99776188,50
3811a99e5f1bc5e25f5d9b235cc23a59ffc1a735692cbcea74ea3180f2534725,79,modern_cnn,exact_source,classical_cnn,random_action,369,11,0.02981030,0.01422764,0.99939781,50
3811a99e5f1bc5e25f5d9b235cc23a59ffc1a735692cbcea74ea3180f2534725,79,modern_cnn,exact_source,classical_cnn,score_greedy,369,11,0.02981030,0.01271003,0.99966584,50
3811a99e5f1bc5e25f5d9b235cc23a59ffc1a735692cbcea74ea3180f2534725,79,modern_cnn,exact_source,transformer,bandit_action,304,15,0.04934211,0.03582237,0.99424785,50
3811a99e5f1bc5e25f5d9b235cc23a59ffc1a735692cbcea74ea3180f2534725,79,modern_cnn,exact_source,transformer,gradient_bc_groupdro_ppo_stochastic,304,38,0.12500000,0.06052632,0.88483035,50
3811a99e5f1bc5e25f5d9b235cc23a59ffc1a735692cbcea74ea3180f2534725,79,modern_cnn,exact_source,transformer,gradient_bc_only_stochastic,304,35,0.11513158,0.05463816,0.96416774,50
3811a99e5f1bc5e25f5d9b235cc23a59ffc1a735692cbcea74ea3180f2534725,79,modern_cnn,exact_source,transformer,ppo_only_stochastic,304,30,0.09868421,0.04388158,0.99731686,50
3811a99e5f1bc5e25f5d9b235cc23a59ffc1a735692cbcea74ea3180f2534725,79,modern_cnn,exact_source,transformer,random_action,304,32,0.10526316,0.04453947,0.99933710,50
3811a99e5f1bc5e25f5d9b235cc23a59ffc1a735692cbcea74ea3180f2534725,79,modern_cnn,exact_source,transformer,score_greedy,304,31,0.10197368,0.04661184,0.99957592,50
3811a99e5f1bc5e25f5d9b235cc23a59ffc1a735692cbcea74ea3180f2534725,79,modern_cnn,seen_family_new_instance,classical_cnn,bandit_action,183,4,0.02185792,0.01672131,0.98937183,50
3811a99e5f1bc5e25f5d9b235cc23a59ffc1a735692cbcea74ea3180f2534725,79,modern_cnn,seen_family_new_instance,classical_cnn,gradient_bc_groupdro_ppo_stochastic,183,9,0.04918033,0.02595628,0.88555181,50
3811a99e5f1bc5e25f5d9b235cc23a59ffc1a735692cbcea74ea3180f2534725,79,modern_cnn,seen_family_new_instance,classical_cnn,gradient_bc_only_stochastic,183,9,0.04918033,0.02398907,0.95981480,50
3811a99e5f1bc5e25f5d9b235cc23a59ffc1a735692cbcea74ea3180f2534725,79,modern_cnn,seen_family_new_instance,classical_cnn,ppo_only_stochastic,183,9,0.04918033,0.02387978,0.99613366,50
3811a99e5f1bc5e25f5d9b235cc23a59ffc1a735692cbcea74ea3180f2534725,79,modern_cnn,seen_family_new_instance,classical_cnn,random_action,183,7,0.03825137,0.02114754,0.99900569,50
3811a99e5f1bc5e25f5d9b235cc23a59ffc1a735692cbcea74ea3180f2534725,79,modern_cnn,seen_family_new_instance,classical_cnn,score_greedy,183,7,0.03825137,0.02147541,0.99933534,50
3811a99e5f1bc5e25f5d9b235cc23a59ffc1a735692cbcea74ea3180f2534725,79,modern_cnn,seen_family_new_instance,transformer,bandit_action,146,5,0.03424658,0.02869863,0.98709267,50
3811a99e5f1bc5e25f5d9b235cc23a59ffc1a735692cbcea74ea3180f2534725,79,modern_cnn,seen_family_new_instance,transformer,gradient_bc_groupdro_ppo_stochastic,146,17,0.11643836,0.06102740,0.88465687,50
3811a99e5f1bc5e25f5d9b235cc23a59ffc1a735692cbcea74ea3180f2534725,79,modern_cnn,seen_family_new_instance,transformer,gradient_bc_only_stochastic,146,19,0.13013699,0.04979452,0.96060672,50
3811a99e5f1bc5e25f5d9b235cc23a59ffc1a735692cbcea74ea3180f2534725,79,modern_cnn,seen_family_new_instance,transformer,ppo_only_stochastic,146,18,0.12328767,0.05520548,0.99621839,50
3811a99e5f1bc5e25f5d9b235cc23a59ffc1a735692cbcea74ea3180f2534725,79,modern_cnn,seen_family_new_instance,transformer,random_action,146,14,0.09589041,0.04493151,0.99869804,50
3811a99e5f1bc5e25f5d9b235cc23a59ffc1a735692cbcea74ea3180f2534725,79,modern_cnn,seen_family_new_instance,transformer,score_greedy,146,12,0.08219178,0.04082192,0.99922745,50
19e39dd8bd212a14b3bc7f5d8fbb3953d46944ddb0719a7f37528054e89d6f49,97,modern_cnn,exact_source,classical_cnn,bandit_action,369,5,0.01355014,0.00983740,0.99617247,50
19e39dd8bd212a14b3bc7f5d8fbb3953d46944ddb0719a7f37528054e89d6f49,97,modern_cnn,exact_source,classical_cnn,gradient_bc_groupdro_ppo_stochastic,369,15,0.04065041,0.01986450,0.83809860,50
19e39dd8bd212a14b3bc7f5d8fbb3953d46944ddb0719a7f37528054e89d6f49,97,modern_cnn,exact_source,classical_cnn,gradient_bc_only_stochastic,369,13,0.03523035,0.01644986,0.96428683,50
19e39dd8bd212a14b3bc7f5d8fbb3953d46944ddb0719a7f37528054e89d6f49,97,modern_cnn,exact_source,classical_cnn,ppo_only_stochastic,369,13,0.03523035,0.01585366,0.99768484,50
19e39dd8bd212a14b3bc7f5d8fbb3953d46944ddb0719a7f37528054e89d6f49,97,modern_cnn,exact_source,classical_cnn,random_action,369,11,0.02981030,0.01233062,0.99950575,50
19e39dd8bd212a14b3bc7f5d8fbb3953d46944ddb0719a7f37528054e89d6f49,97,modern_cnn,exact_source,classical_cnn,score_greedy,369,12,0.03252033,0.01024390,0.99963835,50
19e39dd8bd212a14b3bc7f5d8fbb3953d46944ddb0719a7f37528054e89d6f49,97,modern_cnn,exact_source,transformer,bandit_action,304,16,0.05263158,0.03901316,0.99138531,50
19e39dd8bd212a14b3bc7f5d8fbb3953d46944ddb0719a7f37528054e89d6f49,97,modern_cnn,exact_source,transformer,gradient_bc_groupdro_ppo_stochastic,304,39,0.12828947,0.05805921,0.84122639,50
19e39dd8bd212a14b3bc7f5d8fbb3953d46944ddb0719a7f37528054e89d6f49,97,modern_cnn,exact_source,transformer,gradient_bc_only_stochastic,304,40,0.13157895,0.05888158,0.96421191,50
19e39dd8bd212a14b3bc7f5d8fbb3953d46944ddb0719a7f37528054e89d6f49,97,modern_cnn,exact_source,transformer,ppo_only_stochastic,304,30,0.09868421,0.04736842,0.99709850,50
19e39dd8bd212a14b3bc7f5d8fbb3953d46944ddb0719a7f37528054e89d6f49,97,modern_cnn,exact_source,transformer,random_action,304,29,0.09539474,0.03990132,0.99943126,50
19e39dd8bd212a14b3bc7f5d8fbb3953d46944ddb0719a7f37528054e89d6f49,97,modern_cnn,exact_source,transformer,score_greedy,304,28,0.09210526,0.04164474,0.99963574,50
19e39dd8bd212a14b3bc7f5d8fbb3953d46944ddb0719a7f37528054e89d6f49,97,modern_cnn,seen_family_new_instance,classical_cnn,bandit_action,183,2,0.01092896,0.00907104,0.99246429,50
19e39dd8bd212a14b3bc7f5d8fbb3953d46944ddb0719a7f37528054e89d6f49,97,modern_cnn,seen_family_new_instance,classical_cnn,gradient_bc_groupdro_ppo_stochastic,183,8,0.04371585,0.02874317,0.84090309,50
19e39dd8bd212a14b3bc7f5d8fbb3953d46944ddb0719a7f37528054e89d6f49,97,modern_cnn,seen_family_new_instance,classical_cnn,gradient_bc_only_stochastic,183,9,0.04918033,0.02387978,0.96038976,50
19e39dd8bd212a14b3bc7f5d8fbb3953d46944ddb0719a7f37528054e89d6f49,97,modern_cnn,seen_family_new_instance,classical_cnn,ppo_only_stochastic,183,8,0.04371585,0.02404372,0.99697512,50
19e39dd8bd212a14b3bc7f5d8fbb3953d46944ddb0719a7f37528054e89d6f49,97,modern_cnn,seen_family_new_instance,classical_cnn,random_action,183,6,0.03278689,0.02043716,0.99876244,50
19e39dd8bd212a14b3bc7f5d8fbb3953d46944ddb0719a7f37528054e89d6f49,97,modern_cnn,seen_family_new_instance,classical_cnn,score_greedy,183,7,0.03825137,0.02169399,0.99956612,50
19e39dd8bd212a14b3bc7f5d8fbb3953d46944ddb0719a7f37528054e89d6f49,97,modern_cnn,seen_family_new_instance,transformer,bandit_action,146,9,0.06164384,0.04856164,0.98566629,50
19e39dd8bd212a14b3bc7f5d8fbb3953d46944ddb0719a7f37528054e89d6f49,97,modern_cnn,seen_family_new_instance,transformer,gradient_bc_groupdro_ppo_stochastic,146,16,0.10958904,0.05712329,0.84732566,50
19e39dd8bd212a14b3bc7f5d8fbb3953d46944ddb0719a7f37528054e89d6f49,97,modern_cnn,seen_family_new_instance,transformer,gradient_bc_only_stochastic,146,18,0.12328767,0.05219178,0.96458012,50
19e39dd8bd212a14b3bc7f5d8fbb3953d46944ddb0719a7f37528054e89d6f49,97,modern_cnn,seen_family_new_instance,transformer,ppo_only_stochastic,146,13,0.08904110,0.04075342,0.99724766,50
19e39dd8bd212a14b3bc7f5d8fbb3953d46944ddb0719a7f37528054e89d6f49,97,modern_cnn,seen_family_new_instance,transformer,random_action,146,13,0.08904110,0.04061644,0.99863927,50
19e39dd8bd212a14b3bc7f5d8fbb3953d46944ddb0719a7f37528054e89d6f49,97,modern_cnn,seen_family_new_instance,transformer,score_greedy,146,12,0.08219178,0.03808219,0.99925293,50
1de084397d05d7d76ecd5b2b8c65bd719e305d209c7eed590c83737581d14cfd,113,modern_cnn,exact_source,classical_cnn,bandit_action,369,4,0.01084011,0.00834688,0.99418817,50
1de084397d05d7d76ecd5b2b8c65bd719e305d209c7eed590c83737581d14cfd,113,modern_cnn,exact_source,classical_cnn,gradient_bc_groupdro_ppo_stochastic,369,12,0.03252033,0.01409214,0.92101690,50
1de084397d05d7d76ecd5b2b8c65bd719e305d209c7eed590c83737581d14cfd,113,modern_cnn,exact_source,classical_cnn,gradient_bc_only_stochastic,369,14,0.03794038,0.01669377,0.96449885,50
1de084397d05d7d76ecd5b2b8c65bd719e305d209c7eed590c83737581d14cfd,113,modern_cnn,exact_source,classical_cnn,ppo_only_stochastic,369,11,0.02981030,0.01352304,0.99713522,50
1de084397d05d7d76ecd5b2b8c65bd719e305d209c7eed590c83737581d14cfd,113,modern_cnn,exact_source,classical_cnn,random_action,369,12,0.03252033,0.01176152,0.99947971,50
1de084397d05d7d76ecd5b2b8c65bd719e305d209c7eed590c83737581d14cfd,113,modern_cnn,exact_source,classical_cnn,score_greedy,369,12,0.03252033,0.01252033,0.99968674,50
1de084397d05d7d76ecd5b2b8c65bd719e305d209c7eed590c83737581d14cfd,113,modern_cnn,exact_source,transformer,bandit_action,304,13,0.04276316,0.03095395,0.99423340,50
1de084397d05d7d76ecd5b2b8c65bd719e305d209c7eed590c83737581d14cfd,113,modern_cnn,exact_source,transformer,gradient_bc_groupdro_ppo_stochastic,304,37,0.12171053,0.05391447,0.92593284,50
1de084397d05d7d76ecd5b2b8c65bd719e305d209c7eed590c83737581d14cfd,113,modern_cnn,exact_source,transformer,gradient_bc_only_stochastic,304,38,0.12500000,0.05309211,0.96450461,50
1de084397d05d7d76ecd5b2b8c65bd719e305d209c7eed590c83737581d14cfd,113,modern_cnn,exact_source,transformer,ppo_only_stochastic,304,31,0.10197368,0.04713816,0.99715405,50
1de084397d05d7d76ecd5b2b8c65bd719e305d209c7eed590c83737581d14cfd,113,modern_cnn,exact_source,transformer,random_action,304,27,0.08881579,0.03976974,0.99935916,50
1de084397d05d7d76ecd5b2b8c65bd719e305d209c7eed590c83737581d14cfd,113,modern_cnn,exact_source,transformer,score_greedy,304,30,0.09868421,0.04697368,0.99960694,50
1de084397d05d7d76ecd5b2b8c65bd719e305d209c7eed590c83737581d14cfd,113,modern_cnn,seen_family_new_instance,classical_cnn,bandit_action,183,3,0.01639344,0.01240437,0.98786505,50
1de084397d05d7d76ecd5b2b8c65bd719e305d209c7eed590c83737581d14cfd,113,modern_cnn,seen_family_new_instance,classical_cnn,gradient_bc_groupdro_ppo_stochastic,183,8,0.04371585,0.02622951,0.92551973,50
1de084397d05d7d76ecd5b2b8c65bd719e305d209c7eed590c83737581d14cfd,113,modern_cnn,seen_family_new_instance,classical_cnn,gradient_bc_only_stochastic,183,8,0.04371585,0.02153005,0.96310600,50
1de084397d05d7d76ecd5b2b8c65bd719e305d209c7eed590c83737581d14cfd,113,modern_cnn,seen_family_new_instance,classical_cnn,ppo_only_stochastic,183,9,0.04918033,0.02409836,0.99758195,50
1de084397d05d7d76ecd5b2b8c65bd719e305d209c7eed590c83737581d14cfd,113,modern_cnn,seen_family_new_instance,classical_cnn,random_action,183,7,0.03825137,0.01918033,0.99883365,50
1de084397d05d7d76ecd5b2b8c65bd719e305d209c7eed590c83737581d14cfd,113,modern_cnn,seen_family_new_instance,classical_cnn,score_greedy,183,8,0.04371585,0.02207650,0.99936100,50
1de084397d05d7d76ecd5b2b8c65bd719e305d209c7eed590c83737581d14cfd,113,modern_cnn,seen_family_new_instance,transformer,bandit_action,146,6,0.04109589,0.03246575,0.98715881,50
1de084397d05d7d76ecd5b2b8c65bd719e305d209c7eed590c83737581d14cfd,113,modern_cnn,seen_family_new_instance,transformer,gradient_bc_groupdro_ppo_stochastic,146,15,0.10273973,0.05760274,0.92495779,50
1de084397d05d7d76ecd5b2b8c65bd719e305d209c7eed590c83737581d14cfd,113,modern_cnn,seen_family_new_instance,transformer,gradient_bc_only_stochastic,146,16,0.10958904,0.04671233,0.96438602,50
1de084397d05d7d76ecd5b2b8c65bd719e305d209c7eed590c83737581d14cfd,113,modern_cnn,seen_family_new_instance,transformer,ppo_only_stochastic,146,14,0.09589041,0.04342466,0.99595419,50
1de084397d05d7d76ecd5b2b8c65bd719e305d209c7eed590c83737581d14cfd,113,modern_cnn,seen_family_new_instance,transformer,random_action,146,16,0.10958904,0.03863014,0.99854955,50
1de084397d05d7d76ecd5b2b8c65bd719e305d209c7eed590c83737581d14cfd,113,modern_cnn,seen_family_new_instance,transformer,score_greedy,146,15,0.10273973,0.04253425,0.99938043,50
cfe61e71ee6154f42e72385911f8f873044972173091135e2c8a5e4e5a826197,131,modern_cnn,exact_source,classical_cnn,bandit_action,369,5,0.01355014,0.01070461,0.99554635,50
cfe61e71ee6154f42e72385911f8f873044972173091135e2c8a5e4e5a826197,131,modern_cnn,exact_source,classical_cnn,gradient_bc_groupdro_ppo_stochastic,369,15,0.04065041,0.01661247,0.95672830,50
cfe61e71ee6154f42e72385911f8f873044972173091135e2c8a5e4e5a826197,131,modern_cnn,exact_source,classical_cnn,gradient_bc_only_stochastic,369,10,0.02710027,0.01311653,0.96356522,50
cfe61e71ee6154f42e72385911f8f873044972173091135e2c8a5e4e5a826197,131,modern_cnn,exact_source,classical_cnn,ppo_only_stochastic,369,12,0.03252033,0.01300813,0.99799032,50
cfe61e71ee6154f42e72385911f8f873044972173091135e2c8a5e4e5a826197,131,modern_cnn,exact_source,classical_cnn,random_action,369,11,0.02981030,0.01184282,0.99930082,50
cfe61e71ee6154f42e72385911f8f873044972173091135e2c8a5e4e5a826197,131,modern_cnn,exact_source,classical_cnn,score_greedy,369,11,0.02981030,0.01336043,0.99977669,50
cfe61e71ee6154f42e72385911f8f873044972173091135e2c8a5e4e5a826197,131,modern_cnn,exact_source,transformer,bandit_action,304,13,0.04276316,0.02983553,0.99519386,50
cfe61e71ee6154f42e72385911f8f873044972173091135e2c8a5e4e5a826197,131,modern_cnn,exact_source,transformer,gradient_bc_groupdro_ppo_stochastic,304,37,0.12171053,0.05121711,0.95711492,50
cfe61e71ee6154f42e72385911f8f873044972173091135e2c8a5e4e5a826197,131,modern_cnn,exact_source,transformer,gradient_bc_only_stochastic,304,35,0.11513158,0.05161184,0.96650666,50
cfe61e71ee6154f42e72385911f8f873044972173091135e2c8a5e4e5a826197,131,modern_cnn,exact_source,transformer,ppo_only_stochastic,304,28,0.09210526,0.03835526,0.99783231,50
cfe61e71ee6154f42e72385911f8f873044972173091135e2c8a5e4e5a826197,131,modern_cnn,exact_source,transformer,random_action,304,31,0.10197368,0.04457237,0.99940121,50
cfe61e71ee6154f42e72385911f8f873044972173091135e2c8a5e4e5a826197,131,modern_cnn,exact_source,transformer,score_greedy,304,31,0.10197368,0.04391447,0.99960424,50
cfe61e71ee6154f42e72385911f8f873044972173091135e2c8a5e4e5a826197,131,modern_cnn,seen_family_new_instance,classical_cnn,bandit_action,183,5,0.02732240,0.02016393,0.98792771,50
cfe61e71ee6154f42e72385911f8f873044972173091135e2c8a5e4e5a826197,131,modern_cnn,seen_family_new_instance,classical_cnn,gradient_bc_groupdro_ppo_stochastic,183,10,0.05464481,0.02338798,0.95608789,50
cfe61e71ee6154f42e72385911f8f873044972173091135e2c8a5e4e5a826197,131,modern_cnn,seen_family_new_instance,classical_cnn,gradient_bc_only_stochastic,183,9,0.04918033,0.02748634,0.96291471,50
cfe61e71ee6154f42e72385911f8f873044972173091135e2c8a5e4e5a826197,131,modern_cnn,seen_family_new_instance,classical_cnn,ppo_only_stochastic,183,7,0.03825137,0.02202186,0.99735712,50
cfe61e71ee6154f42e72385911f8f873044972173091135e2c8a5e4e5a826197,131,modern_cnn,seen_family_new_instance,classical_cnn,random_action,183,7,0.03825137,0.02180328,0.99873063,50
cfe61e71ee6154f42e72385911f8f873044972173091135e2c8a5e4e5a826197,131,modern_cnn,seen_family_new_instance,classical_cnn,score_greedy,183,7,0.03825137,0.01972678,0.99932814,50
cfe61e71ee6154f42e72385911f8f873044972173091135e2c8a5e4e5a826197,131,modern_cnn,seen_family_new_instance,transformer,bandit_action,146,8,0.05479452,0.04123288,0.98975649,50
cfe61e71ee6154f42e72385911f8f873044972173091135e2c8a5e4e5a826197,131,modern_cnn,seen_family_new_instance,transformer,gradient_bc_groupdro_ppo_stochastic,146,17,0.11643836,0.05116438,0.95935978,50
cfe61e71ee6154f42e72385911f8f873044972173091135e2c8a5e4e5a826197,131,modern_cnn,seen_family_new_instance,transformer,gradient_bc_only_stochastic,146,21,0.14383562,0.05801370,0.96328798,50
cfe61e71ee6154f42e72385911f8f873044972173091135e2c8a5e4e5a826197,131,modern_cnn,seen_family_new_instance,transformer,ppo_only_stochastic,146,12,0.08219178,0.03630137,0.99630322,50
cfe61e71ee6154f42e72385911f8f873044972173091135e2c8a5e4e5a826197,131,modern_cnn,seen_family_new_instance,transformer,random_action,146,14,0.09589041,0.04109589,0.99870024,50
cfe61e71ee6154f42e72385911f8f873044972173091135e2c8a5e4e5a826197,131,modern_cnn,seen_family_new_instance,transformer,score_greedy,146,14,0.09589041,0.04616438,0.99907359,50
a8e56d6c931f440a241380b2cec3d663bed88517a70301d963aa78b268e3c42c,149,modern_cnn,exact_source,classical_cnn,bandit_action,369,3,0.00813008,0.00669377,0.99542038,50
a8e56d6c931f440a241380b2cec3d663bed88517a70301d963aa78b268e3c42c,149,modern_cnn,exact_source,classical_cnn,gradient_bc_groupdro_ppo_stochastic,369,16,0.04336043,0.01956640,0.95185936,50
a8e56d6c931f440a241380b2cec3d663bed88517a70301d963aa78b268e3c42c,149,modern_cnn,exact_source,classical_cnn,gradient_bc_only_stochastic,369,13,0.03523035,0.01634146,0.96383332,50
a8e56d6c931f440a241380b2cec3d663bed88517a70301d963aa78b268e3c42c,149,modern_cnn,exact_source,classical_cnn,ppo_only_stochastic,369,10,0.02710027,0.01528455,0.99693511,50
a8e56d6c931f440a241380b2cec3d663bed88517a70301d963aa78b268e3c42c,149,modern_cnn,exact_source,classical_cnn,random_action,369,12,0.03252033,0.01333333,0.99932955,50
a8e56d6c931f440a241380b2cec3d663bed88517a70301d963aa78b268e3c42c,149,modern_cnn,exact_source,classical_cnn,score_greedy,369,11,0.02981030,0.01292683,0.99971988,50
a8e56d6c931f440a241380b2cec3d663bed88517a70301d963aa78b268e3c42c,149,modern_cnn,exact_source,transformer,bandit_action,304,12,0.03947368,0.03000000,0.99447551,50
a8e56d6c931f440a241380b2cec3d663bed88517a70301d963aa78b268e3c42c,149,modern_cnn,exact_source,transformer,gradient_bc_groupdro_ppo_stochastic,304,33,0.10855263,0.05496711,0.95432958,50
a8e56d6c931f440a241380b2cec3d663bed88517a70301d963aa78b268e3c42c,149,modern_cnn,exact_source,transformer,gradient_bc_only_stochastic,304,34,0.11184211,0.05394737,0.96514781,50
a8e56d6c931f440a241380b2cec3d663bed88517a70301d963aa78b268e3c42c,149,modern_cnn,exact_source,transformer,ppo_only_stochastic,304,34,0.11184211,0.04809211,0.99670465,50
a8e56d6c931f440a241380b2cec3d663bed88517a70301d963aa78b268e3c42c,149,modern_cnn,exact_source,transformer,random_action,304,35,0.11513158,0.04687500,0.99930521,50
a8e56d6c931f440a241380b2cec3d663bed88517a70301d963aa78b268e3c42c,149,modern_cnn,exact_source,transformer,score_greedy,304,30,0.09868421,0.04552632,0.99973264,50
a8e56d6c931f440a241380b2cec3d663bed88517a70301d963aa78b268e3c42c,149,modern_cnn,seen_family_new_instance,classical_cnn,bandit_action,183,4,0.02185792,0.01650273,0.99124199,50
a8e56d6c931f440a241380b2cec3d663bed88517a70301d963aa78b268e3c42c,149,modern_cnn,seen_family_new_instance,classical_cnn,gradient_bc_groupdro_ppo_stochastic,183,11,0.06010929,0.02147541,0.95302214,50
a8e56d6c931f440a241380b2cec3d663bed88517a70301d963aa78b268e3c42c,149,modern_cnn,seen_family_new_instance,classical_cnn,gradient_bc_only_stochastic,183,10,0.05464481,0.02251366,0.96090765,50
a8e56d6c931f440a241380b2cec3d663bed88517a70301d963aa78b268e3c42c,149,modern_cnn,seen_family_new_instance,classical_cnn,ppo_only_stochastic,183,7,0.03825137,0.01830601,0.99711238,50
a8e56d6c931f440a241380b2cec3d663bed88517a70301d963aa78b268e3c42c,149,modern_cnn,seen_family_new_instance,classical_cnn,random_action,183,8,0.04371585,0.02284153,0.99892089,50
a8e56d6c931f440a241380b2cec3d663bed88517a70301d963aa78b268e3c42c,149,modern_cnn,seen_family_new_instance,classical_cnn,score_greedy,183,7,0.03825137,0.02136612,0.99930634,50
a8e56d6c931f440a241380b2cec3d663bed88517a70301d963aa78b268e3c42c,149,modern_cnn,seen_family_new_instance,transformer,bandit_action,146,6,0.04109589,0.03095890,0.98456563,50
a8e56d6c931f440a241380b2cec3d663bed88517a70301d963aa78b268e3c42c,149,modern_cnn,seen_family_new_instance,transformer,gradient_bc_groupdro_ppo_stochastic,146,16,0.10958904,0.05041096,0.95023485,50
a8e56d6c931f440a241380b2cec3d663bed88517a70301d963aa78b268e3c42c,149,modern_cnn,seen_family_new_instance,transformer,gradient_bc_only_stochastic,146,16,0.10958904,0.05109589,0.96485193,50
a8e56d6c931f440a241380b2cec3d663bed88517a70301d963aa78b268e3c42c,149,modern_cnn,seen_family_new_instance,transformer,ppo_only_stochastic,146,13,0.08904110,0.04705479,0.99660573,50
a8e56d6c931f440a241380b2cec3d663bed88517a70301d963aa78b268e3c42c,149,modern_cnn,seen_family_new_instance,transformer,random_action,146,13,0.08904110,0.04335616,0.99843069,50
a8e56d6c931f440a241380b2cec3d663bed88517a70301d963aa78b268e3c42c,149,modern_cnn,seen_family_new_instance,transformer,score_greedy,146,15,0.10273973,0.04349315,0.99928167,50
2f14d75cb3c4ee42e35353ffa542d2ef0587db703bec171a0d4323fce5b807c5,17,transformer,exact_source,classical_cnn,bandit_action,369,3,0.00813008,0.00658537,0.99504329,50
2f14d75cb3c4ee42e35353ffa542d2ef0587db703bec171a0d4323fce5b807c5,17,transformer,exact_source,classical_cnn,gradient_bc_groupdro_ppo_stochastic,369,14,0.03794038,0.01934959,0.91459267,50
2f14d75cb3c4ee42e35353ffa542d2ef0587db703bec171a0d4323fce5b807c5,17,transformer,exact_source,classical_cnn,gradient_bc_only_stochastic,369,12,0.03252033,0.01425474,0.96486623,50
2f14d75cb3c4ee42e35353ffa542d2ef0587db703bec171a0d4323fce5b807c5,17,transformer,exact_source,classical_cnn,ppo_only_stochastic,369,11,0.02981030,0.01184282,0.99679160,50
2f14d75cb3c4ee42e35353ffa542d2ef0587db703bec171a0d4323fce5b807c5,17,transformer,exact_source,classical_cnn,random_action,369,11,0.02981030,0.01173442,0.99947924,50
2f14d75cb3c4ee42e35353ffa542d2ef0587db703bec171a0d4323fce5b807c5,17,transformer,exact_source,classical_cnn,score_greedy,369,11,0.02981030,0.01308943,0.99966820,50
2f14d75cb3c4ee42e35353ffa542d2ef0587db703bec171a0d4323fce5b807c5,17,transformer,exact_source,modern_cnn,bandit_action,361,9,0.02493075,0.01875346,0.99555794,50
2f14d75cb3c4ee42e35353ffa542d2ef0587db703bec171a0d4323fce5b807c5,17,transformer,exact_source,modern_cnn,gradient_bc_groupdro_ppo_stochastic,361,17,0.04709141,0.02108033,0.91387690,50
2f14d75cb3c4ee42e35353ffa542d2ef0587db703bec171a0d4323fce5b807c5,17,transformer,exact_source,modern_cnn,gradient_bc_only_stochastic,361,15,0.04155125,0.02152355,0.96461808,50
2f14d75cb3c4ee42e35353ffa542d2ef0587db703bec171a0d4323fce5b807c5,17,transformer,exact_source,modern_cnn,ppo_only_stochastic,361,14,0.03878116,0.02199446,0.99722513,50
2f14d75cb3c4ee42e35353ffa542d2ef0587db703bec171a0d4323fce5b807c5,17,transformer,exact_source,modern_cnn,random_action,361,14,0.03878116,0.01883657,0.99926192,50
2f14d75cb3c4ee42e35353ffa542d2ef0587db703bec171a0d4323fce5b807c5,17,transformer,exact_source,modern_cnn,score_greedy,361,14,0.03878116,0.01562327,0.99972213,50
2f14d75cb3c4ee42e35353ffa542d2ef0587db703bec171a0d4323fce5b807c5,17,transformer,seen_family_new_instance,classical_cnn,bandit_action,183,3,0.01639344,0.01327869,0.99171646,50
2f14d75cb3c4ee42e35353ffa542d2ef0587db703bec171a0d4323fce5b807c5,17,transformer,seen_family_new_instance,classical_cnn,gradient_bc_groupdro_ppo_stochastic,183,9,0.04918033,0.02355191,0.90998284,50
2f14d75cb3c4ee42e35353ffa542d2ef0587db703bec171a0d4323fce5b807c5,17,transformer,seen_family_new_instance,classical_cnn,gradient_bc_only_stochastic,183,9,0.04918033,0.02081967,0.96408276,50
2f14d75cb3c4ee42e35353ffa542d2ef0587db703bec171a0d4323fce5b807c5,17,transformer,seen_family_new_instance,classical_cnn,ppo_only_stochastic,183,7,0.03825137,0.02289617,0.99660618,50
2f14d75cb3c4ee42e35353ffa542d2ef0587db703bec171a0d4323fce5b807c5,17,transformer,seen_family_new_instance,classical_cnn,random_action,183,9,0.04918033,0.01972678,0.99896074,50
2f14d75cb3c4ee42e35353ffa542d2ef0587db703bec171a0d4323fce5b807c5,17,transformer,seen_family_new_instance,classical_cnn,score_greedy,183,8,0.04371585,0.02240437,0.99949916,50
2f14d75cb3c4ee42e35353ffa542d2ef0587db703bec171a0d4323fce5b807c5,17,transformer,seen_family_new_instance,modern_cnn,bandit_action,182,2,0.01098901,0.00593407,0.99054439,50
2f14d75cb3c4ee42e35353ffa542d2ef0587db703bec171a0d4323fce5b807c5,17,transformer,seen_family_new_instance,modern_cnn,gradient_bc_groupdro_ppo_stochastic,182,12,0.06593407,0.02043956,0.91251308,50
2f14d75cb3c4ee42e35353ffa542d2ef0587db703bec171a0d4323fce5b807c5,17,transformer,seen_family_new_instance,modern_cnn,gradient_bc_only_stochastic,182,7,0.03846154,0.01730769,0.96646610,50
2f14d75cb3c4ee42e35353ffa542d2ef0587db703bec171a0d4323fce5b807c5,17,transformer,seen_family_new_instance,modern_cnn,ppo_only_stochastic,182,5,0.02747253,0.00939560,0.99683050,50
2f14d75cb3c4ee42e35353ffa542d2ef0587db703bec171a0d4323fce5b807c5,17,transformer,seen_family_new_instance,modern_cnn,random_action,182,6,0.03296703,0.01087912,0.99909925,50
2f14d75cb3c4ee42e35353ffa542d2ef0587db703bec171a0d4323fce5b807c5,17,transformer,seen_family_new_instance,modern_cnn,score_greedy,182,6,0.03296703,0.01208791,0.99949016,50
5e27c14e937a5d08dbc1f4080b164f9f97970598335280868c5f4496e6107a04,29,transformer,exact_source,classical_cnn,bandit_action,369,3,0.00813008,0.00696477,0.99689726,50
5e27c14e937a5d08dbc1f4080b164f9f97970598335280868c5f4496e6107a04,29,transformer,exact_source,classical_cnn,gradient_bc_groupdro_ppo_stochastic,369,15,0.04065041,0.01780488,0.91051641,50
5e27c14e937a5d08dbc1f4080b164f9f97970598335280868c5f4496e6107a04,29,transformer,exact_source,classical_cnn,gradient_bc_only_stochastic,369,14,0.03794038,0.01452575,0.96179756,50
5e27c14e937a5d08dbc1f4080b164f9f97970598335280868c5f4496e6107a04,29,transformer,exact_source,classical_cnn,ppo_only_stochastic,369,11,0.02981030,0.01476965,0.99771736,50
5e27c14e937a5d08dbc1f4080b164f9f97970598335280868c5f4496e6107a04,29,transformer,exact_source,classical_cnn,random_action,369,11,0.02981030,0.01146341,0.99936387,50
5e27c14e937a5d08dbc1f4080b164f9f97970598335280868c5f4496e6107a04,29,transformer,exact_source,classical_cnn,score_greedy,369,10,0.02710027,0.01295393,0.99976080,50
5e27c14e937a5d08dbc1f4080b164f9f97970598335280868c5f4496e6107a04,29,transformer,exact_source,modern_cnn,bandit_action,361,8,0.02216066,0.01567867,0.99593977,50
5e27c14e937a5d08dbc1f4080b164f9f97970598335280868c5f4496e6107a04,29,transformer,exact_source,modern_cnn,gradient_bc_groupdro_ppo_stochastic,361,20,0.05540166,0.02271468,0.91131814,50
5e27c14e937a5d08dbc1f4080b164f9f97970598335280868c5f4496e6107a04,29,transformer,exact_source,modern_cnn,gradient_bc_only_stochastic,361,17,0.04709141,0.02058172,0.96308972,50
5e27c14e937a5d08dbc1f4080b164f9f97970598335280868c5f4496e6107a04,29,transformer,exact_source,modern_cnn,ppo_only_stochastic,361,14,0.03878116,0.01645429,0.99755260,50
5e27c14e937a5d08dbc1f4080b164f9f97970598335280868c5f4496e6107a04,29,transformer,exact_source,modern_cnn,random_action,361,13,0.03601108,0.01709141,0.99955641,50
5e27c14e937a5d08dbc1f4080b164f9f97970598335280868c5f4496e6107a04,29,transformer,exact_source,modern_cnn,score_greedy,361,14,0.03878116,0.01734072,0.99966592,50
5e27c14e937a5d08dbc1f4080b164f9f97970598335280868c5f4496e6107a04,29,transformer,seen_family_new_instance,classical_cnn,bandit_action,183,3,0.01639344,0.01371585,0.99205652,50
5e27c14e937a5d08dbc1f4080b164f9f97970598335280868c5f4496e6107a04,29,transformer,seen_family_new_instance,classical_cnn,gradient_bc_groupdro_ppo_stochastic,183,9,0.04918033,0.02016393,0.91112724,50
5e27c14e937a5d08dbc1f4080b164f9f97970598335280868c5f4496e6107a04,29,transformer,seen_family_new_instance,classical_cnn,gradient_bc_only_stochastic,183,7,0.03825137,0.02420765,0.95926803,50
5e27c14e937a5d08dbc1f4080b164f9f97970598335280868c5f4496e6107a04,29,transformer,seen_family_new_instance,classical_cnn,ppo_only_stochastic,183,8,0.04371585,0.02043716,0.99666014,50
5e27c14e937a5d08dbc1f4080b164f9f97970598335280868c5f4496e6107a04,29,transformer,seen_family_new_instance,classical_cnn,random_action,183,7,0.03825137,0.02311475,0.99868953,50
5e27c14e937a5d08dbc1f4080b164f9f97970598335280868c5f4496e6107a04,29,transformer,seen_family_new_instance,classical_cnn,score_greedy,183,8,0.04371585,0.02262295,0.99936964,50
5e27c14e937a5d08dbc1f4080b164f9f97970598335280868c5f4496e6107a04,29,transformer,seen_family_new_instance,modern_cnn,bandit_action,182,0,0.00000000,0.00000000,0.99124254,50
5e27c14e937a5d08dbc1f4080b164f9f97970598335280868c5f4496e6107a04,29,transformer,seen_family_new_instance,modern_cnn,gradient_bc_groupdro_ppo_stochastic,182,9,0.04945055,0.02093407,0.91087779,50
5e27c14e937a5d08dbc1f4080b164f9f97970598335280868c5f4496e6107a04,29,transformer,seen_family_new_instance,modern_cnn,gradient_bc_only_stochastic,182,6,0.03296703,0.01472527,0.95988832,50
5e27c14e937a5d08dbc1f4080b164f9f97970598335280868c5f4496e6107a04,29,transformer,seen_family_new_instance,modern_cnn,ppo_only_stochastic,182,9,0.04945055,0.01401099,0.99700712,50
5e27c14e937a5d08dbc1f4080b164f9f97970598335280868c5f4496e6107a04,29,transformer,seen_family_new_instance,modern_cnn,random_action,182,5,0.02747253,0.01247253,0.99872917,50
5e27c14e937a5d08dbc1f4080b164f9f97970598335280868c5f4496e6107a04,29,transformer,seen_family_new_instance,modern_cnn,score_greedy,182,7,0.03846154,0.00906593,0.99945602,50
f97335ed1fb19099778753bb969a6d21b939acd0b003406d3b5b41756807988a,41,transformer,exact_source,classical_cnn,bandit_action,369,7,0.01897019,0.01384824,0.99500830,50
f97335ed1fb19099778753bb969a6d21b939acd0b003406d3b5b41756807988a,41,transformer,exact_source,classical_cnn,gradient_bc_groupdro_ppo_stochastic,369,13,0.03523035,0.01487805,0.93511030,50
f97335ed1fb19099778753bb969a6d21b939acd0b003406d3b5b41756807988a,41,transformer,exact_source,classical_cnn,gradient_bc_only_stochastic,369,14,0.03794038,0.01756098,0.96491984,50
f97335ed1fb19099778753bb969a6d21b939acd0b003406d3b5b41756807988a,41,transformer,exact_source,classical_cnn,ppo_only_stochastic,369,10,0.02710027,0.01176152,0.99795099,50
f97335ed1fb19099778753bb969a6d21b939acd0b003406d3b5b41756807988a,41,transformer,exact_source,classical_cnn,random_action,369,10,0.02710027,0.00997290,0.99941496,50
f97335ed1fb19099778753bb969a6d21b939acd0b003406d3b5b41756807988a,41,transformer,exact_source,classical_cnn,score_greedy,369,12,0.03252033,0.01355014,0.99964870,50
f97335ed1fb19099778753bb969a6d21b939acd0b003406d3b5b41756807988a,41,transformer,exact_source,modern_cnn,bandit_action,361,8,0.02216066,0.01523546,0.99479872,50
f97335ed1fb19099778753bb969a6d21b939acd0b003406d3b5b41756807988a,41,transformer,exact_source,modern_cnn,gradient_bc_groupdro_ppo_stochastic,361,16,0.04432133,0.02371191,0.93325836,50
f97335ed1fb19099778753bb969a6d21b939acd0b003406d3b5b41756807988a,41,transformer,exact_source,modern_cnn,gradient_bc_only_stochastic,361,16,0.04432133,0.02099723,0.96361861,50
f97335ed1fb19099778753bb969a6d21b939acd0b003406d3b5b41756807988a,41,transformer,exact_source,modern_cnn,ppo_only_stochastic,361,16,0.04432133,0.01955679,0.99760438,50
f97335ed1fb19099778753bb969a6d21b939acd0b003406d3b5b41756807988a,41,transformer,exact_source,modern_cnn,random_action,361,13,0.03601108,0.01675900,0.99934266,50
f97335ed1fb19099778753bb969a6d21b939acd0b003406d3b5b41756807988a,41,transformer,exact_source,modern_cnn,score_greedy,361,15,0.04155125,0.01803324,0.99965915,50
f97335ed1fb19099778753bb969a6d21b939acd0b003406d3b5b41756807988a,41,transformer,seen_family_new_instance,classical_cnn,bandit_action,183,3,0.01639344,0.01273224,0.99029457,50
f97335ed1fb19099778753bb969a6d21b939acd0b003406d3b5b41756807988a,41,transformer,seen_family_new_instance,classical_cnn,gradient_bc_groupdro_ppo_stochastic,183,8,0.04371585,0.02688525,0.93740719,50
f97335ed1fb19099778753bb969a6d21b939acd0b003406d3b5b41756807988a,41,transformer,seen_family_new_instance,classical_cnn,gradient_bc_only_stochastic,183,10,0.05464481,0.02775956,0.96479790,50
f97335ed1fb19099778753bb969a6d21b939acd0b003406d3b5b41756807988a,41,transformer,seen_family_new_instance,classical_cnn,ppo_only_stochastic,183,8,0.04371585,0.01715847,0.99775439,50
f97335ed1fb19099778753bb969a6d21b939acd0b003406d3b5b41756807988a,41,transformer,seen_family_new_instance,classical_cnn,random_action,183,7,0.03825137,0.01808743,0.99893202,50
f97335ed1fb19099778753bb969a6d21b939acd0b003406d3b5b41756807988a,41,transformer,seen_family_new_instance,classical_cnn,score_greedy,183,7,0.03825137,0.02147541,0.99943659,50
f97335ed1fb19099778753bb969a6d21b939acd0b003406d3b5b41756807988a,41,transformer,seen_family_new_instance,modern_cnn,bandit_action,182,3,0.01648352,0.01291209,0.98934864,50
f97335ed1fb19099778753bb969a6d21b939acd0b003406d3b5b41756807988a,41,transformer,seen_family_new_instance,modern_cnn,gradient_bc_groupdro_ppo_stochastic,182,6,0.03296703,0.01329670,0.93501342,50
f97335ed1fb19099778753bb969a6d21b939acd0b003406d3b5b41756807988a,41,transformer,seen_family_new_instance,modern_cnn,gradient_bc_only_stochastic,182,9,0.04945055,0.01115385,0.96231624,50
f97335ed1fb19099778753bb969a6d21b939acd0b003406d3b5b41756807988a,41,transformer,seen_family_new_instance,modern_cnn,ppo_only_stochastic,182,6,0.03296703,0.01076923,0.99705425,50
f97335ed1fb19099778753bb969a6d21b939acd0b003406d3b5b41756807988a,41,transformer,seen_family_new_instance,modern_cnn,random_action,182,8,0.04395604,0.01131868,0.99889447,50
f97335ed1fb19099778753bb969a6d21b939acd0b003406d3b5b41756807988a,41,transformer,seen_family_new_instance,modern_cnn,score_greedy,182,6,0.03296703,0.01252747,0.99947457,50
e88a7d30f50117d96bfd02a591d9142b3b38972f0d02c7756e026f4bd3deb25d,53,transformer,exact_source,classical_cnn,bandit_action,369,4,0.01084011,0.00764228,0.99430048,50
e88a7d30f50117d96bfd02a591d9142b3b38972f0d02c7756e026f4bd3deb25d,53,transformer,exact_source,classical_cnn,gradient_bc_groupdro_ppo_stochastic,369,14,0.03794038,0.01739837,0.91659084,50
e88a7d30f50117d96bfd02a591d9142b3b38972f0d02c7756e026f4bd3deb25d,53,transformer,exact_source,classical_cnn,gradient_bc_only_stochastic,369,14,0.03794038,0.01409214,0.96260221,50
e88a7d30f50117d96bfd02a591d9142b3b38972f0d02c7756e026f4bd3deb25d,53,transformer,exact_source,classical_cnn,ppo_only_stochastic,369,10,0.02710027,0.01078591,0.99769119,50
e88a7d30f50117d96bfd02a591d9142b3b38972f0d02c7756e026f4bd3deb25d,53,transformer,exact_source,classical_cnn,random_action,369,13,0.03523035,0.01417344,0.99944070,50
e88a7d30f50117d96bfd02a591d9142b3b38972f0d02c7756e026f4bd3deb25d,53,transformer,exact_source,classical_cnn,score_greedy,369,13,0.03523035,0.01455285,0.99967263,50
e88a7d30f50117d96bfd02a591d9142b3b38972f0d02c7756e026f4bd3deb25d,53,transformer,exact_source,modern_cnn,bandit_action,361,7,0.01939058,0.01393352,0.99489705,50
e88a7d30f50117d96bfd02a591d9142b3b38972f0d02c7756e026f4bd3deb25d,53,transformer,exact_source,modern_cnn,gradient_bc_groupdro_ppo_stochastic,361,19,0.05263158,0.02512465,0.92236547,50
e88a7d30f50117d96bfd02a591d9142b3b38972f0d02c7756e026f4bd3deb25d,53,transformer,exact_source,modern_cnn,gradient_bc_only_stochastic,361,18,0.04986150,0.02315789,0.96246221,50
e88a7d30f50117d96bfd02a591d9142b3b38972f0d02c7756e026f4bd3deb25d,53,transformer,exact_source,modern_cnn,ppo_only_stochastic,361,13,0.03601108,0.01542936,0.99781395,50
e88a7d30f50117d96bfd02a591d9142b3b38972f0d02c7756e026f4bd3deb25d,53,transformer,exact_source,modern_cnn,random_action,361,14,0.03878116,0.01623269,0.99948609,50
e88a7d30f50117d96bfd02a591d9142b3b38972f0d02c7756e026f4bd3deb25d,53,transformer,exact_source,modern_cnn,score_greedy,361,15,0.04155125,0.01808864,0.99965521,50
e88a7d30f50117d96bfd02a591d9142b3b38972f0d02c7756e026f4bd3deb25d,53,transformer,seen_family_new_instance,classical_cnn,bandit_action,183,4,0.02185792,0.01693989,0.99259471,50
e88a7d30f50117d96bfd02a591d9142b3b38972f0d02c7756e026f4bd3deb25d,53,transformer,seen_family_new_instance,classical_cnn,gradient_bc_groupdro_ppo_stochastic,183,10,0.05464481,0.02786885,0.92131849,50
e88a7d30f50117d96bfd02a591d9142b3b38972f0d02c7756e026f4bd3deb25d,53,transformer,seen_family_new_instance,classical_cnn,gradient_bc_only_stochastic,183,8,0.04371585,0.02491803,0.96078935,50
e88a7d30f50117d96bfd02a591d9142b3b38972f0d02c7756e026f4bd3deb25d,53,transformer,seen_family_new_instance,classical_cnn,ppo_only_stochastic,183,6,0.03278689,0.01530055,0.99737021,50
e88a7d30f50117d96bfd02a591d9142b3b38972f0d02c7756e026f4bd3deb25d,53,transformer,seen_family_new_instance,classical_cnn,random_action,183,8,0.04371585,0.01890710,0.99894474,50
e88a7d30f50117d96bfd02a591d9142b3b38972f0d02c7756e026f4bd3deb25d,53,transformer,seen_family_new_instance,classical_cnn,score_greedy,183,8,0.04371585,0.01661202,0.99950096,50
e88a7d30f50117d96bfd02a591d9142b3b38972f0d02c7756e026f4bd3deb25d,53,transformer,seen_family_new_instance,modern_cnn,bandit_action,182,2,0.01098901,0.00923077,0.99165323,50
e88a7d30f50117d96bfd02a591d9142b3b38972f0d02c7756e026f4bd3deb25d,53,transformer,seen_family_new_instance,modern_cnn,gradient_bc_groupdro_ppo_stochastic,182,9,0.04945055,0.02060440,0.92082717,50
e88a7d30f50117d96bfd02a591d9142b3b38972f0d02c7756e026f4bd3deb25d,53,transformer,seen_family_new_instance,modern_cnn,gradient_bc_only_stochastic,182,9,0.04945055,0.01741758,0.96113988,50
e88a7d30f50117d96bfd02a591d9142b3b38972f0d02c7756e026f4bd3deb25d,53,transformer,seen_family_new_instance,modern_cnn,ppo_only_stochastic,182,6,0.03296703,0.01329670,0.99710968,50
e88a7d30f50117d96bfd02a591d9142b3b38972f0d02c7756e026f4bd3deb25d,53,transformer,seen_family_new_instance,modern_cnn,random_action,182,7,0.03846154,0.01313187,0.99887090,50
e88a7d30f50117d96bfd02a591d9142b3b38972f0d02c7756e026f4bd3deb25d,53,transformer,seen_family_new_instance,modern_cnn,score_greedy,182,8,0.04395604,0.01087912,0.99927247,50
3171c24c357ce53bb36f2a98eb240e45eeadd705e67fd3e522cca3dff8cc2896,67,transformer,exact_source,classical_cnn,bandit_action,369,5,0.01355014,0.01092141,0.99621984,50
3171c24c357ce53bb36f2a98eb240e45eeadd705e67fd3e522cca3dff8cc2896,67,transformer,exact_source,classical_cnn,gradient_bc_groupdro_ppo_stochastic,369,16,0.04336043,0.01615176,0.92804273,50
3171c24c357ce53bb36f2a98eb240e45eeadd705e67fd3e522cca3dff8cc2896,67,transformer,exact_source,classical_cnn,gradient_bc_only_stochastic,369,12,0.03252033,0.01674797,0.96366995,50
3171c24c357ce53bb36f2a98eb240e45eeadd705e67fd3e522cca3dff8cc2896,67,transformer,exact_source,classical_cnn,ppo_only_stochastic,369,10,0.02710027,0.01322493,0.99849359,50
3171c24c357ce53bb36f2a98eb240e45eeadd705e67fd3e522cca3dff8cc2896,67,transformer,exact_source,classical_cnn,random_action,369,10,0.02710027,0.01186992,0.99941658,50
3171c24c357ce53bb36f2a98eb240e45eeadd705e67fd3e522cca3dff8cc2896,67,transformer,exact_source,classical_cnn,score_greedy,369,11,0.02981030,0.01205962,0.99965756,50
3171c24c357ce53bb36f2a98eb240e45eeadd705e67fd3e522cca3dff8cc2896,67,transformer,exact_source,modern_cnn,bandit_action,361,7,0.01939058,0.01481994,0.99461930,50
3171c24c357ce53bb36f2a98eb240e45eeadd705e67fd3e522cca3dff8cc2896,67,transformer,exact_source,modern_cnn,gradient_bc_groupdro_ppo_stochastic,361,14,0.03878116,0.01828255,0.92725584,50
3171c24c357ce53bb36f2a98eb240e45eeadd705e67fd3e522cca3dff8cc2896,67,transformer,exact_source,modern_cnn,gradient_bc_only_stochastic,361,17,0.04709141,0.02290859,0.96353454,50
3171c24c357ce53bb36f2a98eb240e45eeadd705e67fd3e522cca3dff8cc2896,67,transformer,exact_source,modern_cnn,ppo_only_stochastic,361,15,0.04155125,0.01698061,0.99800523,50
3171c24c357ce53bb36f2a98eb240e45eeadd705e67fd3e522cca3dff8cc2896,67,transformer,exact_source,modern_cnn,random_action,361,13,0.03601108,0.01819945,0.99930104,50
3171c24c357ce53bb36f2a98eb240e45eeadd705e67fd3e522cca3dff8cc2896,67,transformer,exact_source,modern_cnn,score_greedy,361,13,0.03601108,0.01969529,0.99969631,50
3171c24c357ce53bb36f2a98eb240e45eeadd705e67fd3e522cca3dff8cc2896,67,transformer,seen_family_new_instance,classical_cnn,bandit_action,183,4,0.02185792,0.01704918,0.99101793,50
3171c24c357ce53bb36f2a98eb240e45eeadd705e67fd3e522cca3dff8cc2896,67,transformer,seen_family_new_instance,classical_cnn,gradient_bc_groupdro_ppo_stochastic,183,9,0.04918033,0.02748634,0.92631041,50
3171c24c357ce53bb36f2a98eb240e45eeadd705e67fd3e522cca3dff8cc2896,67,transformer,seen_family_new_instance,classical_cnn,gradient_bc_only_stochastic,183,9,0.04918033,0.02114754,0.96449963,50
3171c24c357ce53bb36f2a98eb240e45eeadd705e67fd3e522cca3dff8cc2896,67,transformer,seen_family_new_instance,classical_cnn,ppo_only_stochastic,183,7,0.03825137,0.02191257,0.99789297,50
3171c24c357ce53bb36f2a98eb240e45eeadd705e67fd3e522cca3dff8cc2896,67,transformer,seen_family_new_instance,classical_cnn,random_action,183,7,0.03825137,0.02049180,0.99863119,50
3171c24c357ce53bb36f2a98eb240e45eeadd705e67fd3e522cca3dff8cc2896,67,transformer,seen_family_new_instance,classical_cnn,score_greedy,183,7,0.03825137,0.02191257,0.99934535,50
3171c24c357ce53bb36f2a98eb240e45eeadd705e67fd3e522cca3dff8cc2896,67,transformer,seen_family_new_instance,modern_cnn,bandit_action,182,1,0.00549451,0.00346154,0.99224328,50
3171c24c357ce53bb36f2a98eb240e45eeadd705e67fd3e522cca3dff8cc2896,67,transformer,seen_family_new_instance,modern_cnn,gradient_bc_groupdro_ppo_stochastic,182,9,0.04945055,0.02038462,0.92942256,50
3171c24c357ce53bb36f2a98eb240e45eeadd705e67fd3e522cca3dff8cc2896,67,transformer,seen_family_new_instance,modern_cnn,gradient_bc_only_stochastic,182,9,0.04945055,0.02038462,0.96605923,50
3171c24c357ce53bb36f2a98eb240e45eeadd705e67fd3e522cca3dff8cc2896,67,transformer,seen_family_new_instance,modern_cnn,ppo_only_stochastic,182,6,0.03296703,0.01505495,0.99775921,50
3171c24c357ce53bb36f2a98eb240e45eeadd705e67fd3e522cca3dff8cc2896,67,transformer,seen_family_new_instance,modern_cnn,random_action,182,6,0.03296703,0.01285714,0.99863414,50
3171c24c357ce53bb36f2a98eb240e45eeadd705e67fd3e522cca3dff8cc2896,67,transformer,seen_family_new_instance,modern_cnn,score_greedy,182,6,0.03296703,0.01428571,0.99950154,50
4130ba39e2738f7793e3aacd4a302d5987cd9bed5278bcabd79d242580d442c8,79,transformer,exact_source,classical_cnn,bandit_action,369,5,0.01355014,0.01108401,0.99492391,50
4130ba39e2738f7793e3aacd4a302d5987cd9bed5278bcabd79d242580d442c8,79,transformer,exact_source,classical_cnn,gradient_bc_groupdro_ppo_stochastic,369,17,0.04607046,0.01661247,0.87064153,50
4130ba39e2738f7793e3aacd4a302d5987cd9bed5278bcabd79d242580d442c8,79,transformer,exact_source,classical_cnn,gradient_bc_only_stochastic,369,13,0.03523035,0.01493225,0.96129856,50
4130ba39e2738f7793e3aacd4a302d5987cd9bed5278bcabd79d242580d442c8,79,transformer,exact_source,classical_cnn,ppo_only_stochastic,369,10,0.02710027,0.01279133,0.99749576,50
4130ba39e2738f7793e3aacd4a302d5987cd9bed5278bcabd79d242580d442c8,79,transformer,exact_source,classical_cnn,random_action,369,11,0.02981030,0.01422764,0.99939781,50
4130ba39e2738f7793e3aacd4a302d5987cd9bed5278bcabd79d242580d442c8,79,transformer,exact_source,classical_cnn,score_greedy,369,11,0.02981030,0.01271003,0.99966584,50
4130ba39e2738f7793e3aacd4a302d5987cd9bed5278bcabd79d242580d442c8,79,transformer,exact_source,modern_cnn,bandit_action,361,4,0.01108033,0.00775623,0.99525053,50
4130ba39e2738f7793e3aacd4a302d5987cd9bed5278bcabd79d242580d442c8,79,transformer,exact_source,modern_cnn,gradient_bc_groupdro_ppo_stochastic,361,19,0.05263158,0.02024931,0.87068432,50
4130ba39e2738f7793e3aacd4a302d5987cd9bed5278bcabd79d242580d442c8,79,transformer,exact_source,modern_cnn,gradient_bc_only_stochastic,361,16,0.04432133,0.01889197,0.96224787,50
4130ba39e2738f7793e3aacd4a302d5987cd9bed5278bcabd79d242580d442c8,79,transformer,exact_source,modern_cnn,ppo_only_stochastic,361,14,0.03878116,0.01706371,0.99740138,50
4130ba39e2738f7793e3aacd4a302d5987cd9bed5278bcabd79d242580d442c8,79,transformer,exact_source,modern_cnn,random_action,361,13,0.03601108,0.01703601,0.99939486,50
4130ba39e2738f7793e3aacd4a302d5987cd9bed5278bcabd79d242580d442c8,79,transformer,exact_source,modern_cnn,score_greedy,361,15,0.04155125,0.01747922,0.99971661,50
4130ba39e2738f7793e3aacd4a302d5987cd9bed5278bcabd79d242580d442c8,79,transformer,seen_family_new_instance,classical_cnn,bandit_action,183,4,0.02185792,0.01672131,0.98937183,50
4130ba39e2738f7793e3aacd4a302d5987cd9bed5278bcabd79d242580d442c8,79,transformer,seen_family_new_instance,classical_cnn,gradient_bc_groupdro_ppo_stochastic,183,12,0.06557377,0.03060109,0.87214431,50
4130ba39e2738f7793e3aacd4a302d5987cd9bed5278bcabd79d242580d442c8,79,transformer,seen_family_new_instance,classical_cnn,gradient_bc_only_stochastic,183,11,0.06010929,0.02202186,0.95884619,50
4130ba39e2738f7793e3aacd4a302d5987cd9bed5278bcabd79d242580d442c8,79,transformer,seen_family_new_instance,classical_cnn,ppo_only_stochastic,183,9,0.04918033,0.01928962,0.99627164,50
4130ba39e2738f7793e3aacd4a302d5987cd9bed5278bcabd79d242580d442c8,79,transformer,seen_family_new_instance,classical_cnn,random_action,183,7,0.03825137,0.02114754,0.99900569,50
4130ba39e2738f7793e3aacd4a302d5987cd9bed5278bcabd79d242580d442c8,79,transformer,seen_family_new_instance,classical_cnn,score_greedy,183,7,0.03825137,0.02147541,0.99933534,50
4130ba39e2738f7793e3aacd4a302d5987cd9bed5278bcabd79d242580d442c8,79,transformer,seen_family_new_instance,modern_cnn,bandit_action,182,2,0.01098901,0.00802198,0.99158354,50
4130ba39e2738f7793e3aacd4a302d5987cd9bed5278bcabd79d242580d442c8,79,transformer,seen_family_new_instance,modern_cnn,gradient_bc_groupdro_ppo_stochastic,182,8,0.04395604,0.01835165,0.87311857,50
4130ba39e2738f7793e3aacd4a302d5987cd9bed5278bcabd79d242580d442c8,79,transformer,seen_family_new_instance,modern_cnn,gradient_bc_only_stochastic,182,8,0.04395604,0.02120879,0.96280896,50
4130ba39e2738f7793e3aacd4a302d5987cd9bed5278bcabd79d242580d442c8,79,transformer,seen_family_new_instance,modern_cnn,ppo_only_stochastic,182,6,0.03296703,0.01098901,0.99628053,50
4130ba39e2738f7793e3aacd4a302d5987cd9bed5278bcabd79d242580d442c8,79,transformer,seen_family_new_instance,modern_cnn,random_action,182,6,0.03296703,0.01131868,0.99886546,50
4130ba39e2738f7793e3aacd4a302d5987cd9bed5278bcabd79d242580d442c8,79,transformer,seen_family_new_instance,modern_cnn,score_greedy,182,6,0.03296703,0.01043956,0.99959904,50
523b8b537d4fa79a5f74b71b9a1d3213624c7b103638d2424a3df7bd534beab9,97,transformer,exact_source,classical_cnn,bandit_action,369,5,0.01355014,0.00983740,0.99617247,50
523b8b537d4fa79a5f74b71b9a1d3213624c7b103638d2424a3df7bd534beab9,97,transformer,exact_source,classical_cnn,gradient_bc_groupdro_ppo_stochastic,369,16,0.04336043,0.01897019,0.91039065,50
523b8b537d4fa79a5f74b71b9a1d3213624c7b103638d2424a3df7bd534beab9,97,transformer,exact_source,classical_cnn,gradient_bc_only_stochastic,369,15,0.04065041,0.01791328,0.96259877,50
523b8b537d4fa79a5f74b71b9a1d3213624c7b103638d2424a3df7bd534beab9,97,transformer,exact_source,classical_cnn,ppo_only_stochastic,369,13,0.03523035,0.01308943,0.99771434,50
523b8b537d4fa79a5f74b71b9a1d3213624c7b103638d2424a3df7bd534beab9,97,transformer,exact_source,classical_cnn,random_action,369,11,0.02981030,0.01233062,0.99950575,50
523b8b537d4fa79a5f74b71b9a1d3213624c7b103638d2424a3df7bd534beab9,97,transformer,exact_source,classical_cnn,score_greedy,369,12,0.03252033,0.01024390,0.99963835,50
523b8b537d4fa79a5f74b71b9a1d3213624c7b103638d2424a3df7bd534beab9,97,transformer,exact_source,modern_cnn,bandit_action,361,8,0.02216066,0.01556787,0.99587497,50
523b8b537d4fa79a5f74b71b9a1d3213624c7b103638d2424a3df7bd534beab9,97,transformer,exact_source,modern_cnn,gradient_bc_groupdro_ppo_stochastic,361,22,0.06094183,0.02271468,0.91317154,50
523b8b537d4fa79a5f74b71b9a1d3213624c7b103638d2424a3df7bd534beab9,97,transformer,exact_source,modern_cnn,gradient_bc_only_stochastic,361,18,0.04986150,0.02243767,0.96074514,50
523b8b537d4fa79a5f74b71b9a1d3213624c7b103638d2424a3df7bd534beab9,97,transformer,exact_source,modern_cnn,ppo_only_stochastic,361,14,0.03878116,0.02260388,0.99720540,50
523b8b537d4fa79a5f74b71b9a1d3213624c7b103638d2424a3df7bd534beab9,97,transformer,exact_source,modern_cnn,random_action,361,14,0.03878116,0.01739612,0.99939325,50
523b8b537d4fa79a5f74b71b9a1d3213624c7b103638d2424a3df7bd534beab9,97,transformer,exact_source,modern_cnn,score_greedy,361,13,0.03601108,0.01853186,0.99969693,50
523b8b537d4fa79a5f74b71b9a1d3213624c7b103638d2424a3df7bd534beab9,97,transformer,seen_family_new_instance,classical_cnn,bandit_action,183,2,0.01092896,0.00907104,0.99246429,50
523b8b537d4fa79a5f74b71b9a1d3213624c7b103638d2424a3df7bd534beab9,97,transformer,seen_family_new_instance,classical_cnn,gradient_bc_groupdro_ppo_stochastic,183,10,0.05464481,0.02666667,0.91099076,50
523b8b537d4fa79a5f74b71b9a1d3213624c7b103638d2424a3df7bd534beab9,97,transformer,seen_family_new_instance,classical_cnn,gradient_bc_only_stochastic,183,7,0.03825137,0.02377049,0.96020502,50
523b8b537d4fa79a5f74b71b9a1d3213624c7b103638d2424a3df7bd534beab9,97,transformer,seen_family_new_instance,classical_cnn,ppo_only_stochastic,183,8,0.04371585,0.01901639,0.99664662,50
523b8b537d4fa79a5f74b71b9a1d3213624c7b103638d2424a3df7bd534beab9,97,transformer,seen_family_new_instance,classical_cnn,random_action,183,6,0.03278689,0.02043716,0.99876244,50
523b8b537d4fa79a5f74b71b9a1d3213624c7b103638d2424a3df7bd534beab9,97,transformer,seen_family_new_instance,classical_cnn,score_greedy,183,7,0.03825137,0.02169399,0.99956612,50
523b8b537d4fa79a5f74b71b9a1d3213624c7b103638d2424a3df7bd534beab9,97,transformer,seen_family_new_instance,modern_cnn,bandit_action,182,2,0.01098901,0.00648352,0.98945652,50
523b8b537d4fa79a5f74b71b9a1d3213624c7b103638d2424a3df7bd534beab9,97,transformer,seen_family_new_instance,modern_cnn,gradient_bc_groupdro_ppo_stochastic,182,9,0.04945055,0.02258242,0.91103964,50
523b8b537d4fa79a5f74b71b9a1d3213624c7b103638d2424a3df7bd534beab9,97,transformer,seen_family_new_instance,modern_cnn,gradient_bc_only_stochastic,182,8,0.04395604,0.02175824,0.96102930,50
523b8b537d4fa79a5f74b71b9a1d3213624c7b103638d2424a3df7bd534beab9,97,transformer,seen_family_new_instance,modern_cnn,ppo_only_stochastic,182,5,0.02747253,0.01368132,0.99680961,50
523b8b537d4fa79a5f74b71b9a1d3213624c7b103638d2424a3df7bd534beab9,97,transformer,seen_family_new_instance,modern_cnn,random_action,182,6,0.03296703,0.01263736,0.99867488,50
523b8b537d4fa79a5f74b71b9a1d3213624c7b103638d2424a3df7bd534beab9,97,transformer,seen_family_new_instance,modern_cnn,score_greedy,182,6,0.03296703,0.01197802,0.99920407,50
a28078a491303c84bea9fb95ae4c106e4188a83a861049917132aa0a5ea65df3,113,transformer,exact_source,classical_cnn,bandit_action,369,4,0.01084011,0.00834688,0.99418817,50
a28078a491303c84bea9fb95ae4c106e4188a83a861049917132aa0a5ea65df3,113,transformer,exact_source,classical_cnn,gradient_bc_groupdro_ppo_stochastic,369,14,0.03794038,0.01598916,0.89374571,50
a28078a491303c84bea9fb95ae4c106e4188a83a861049917132aa0a5ea65df3,113,transformer,exact_source,classical_cnn,gradient_bc_only_stochastic,369,13,0.03523035,0.01634146,0.96508865,50
a28078a491303c84bea9fb95ae4c106e4188a83a861049917132aa0a5ea65df3,113,transformer,exact_source,classical_cnn,ppo_only_stochastic,369,11,0.02981030,0.01444444,0.99587256,50
a28078a491303c84bea9fb95ae4c106e4188a83a861049917132aa0a5ea65df3,113,transformer,exact_source,classical_cnn,random_action,369,12,0.03252033,0.01176152,0.99947971,50
a28078a491303c84bea9fb95ae4c106e4188a83a861049917132aa0a5ea65df3,113,transformer,exact_source,classical_cnn,score_greedy,369,12,0.03252033,0.01252033,0.99968674,50
a28078a491303c84bea9fb95ae4c106e4188a83a861049917132aa0a5ea65df3,113,transformer,exact_source,modern_cnn,bandit_action,361,9,0.02493075,0.01864266,0.99560519,50
a28078a491303c84bea9fb95ae4c106e4188a83a861049917132aa0a5ea65df3,113,transformer,exact_source,modern_cnn,gradient_bc_groupdro_ppo_stochastic,361,16,0.04432133,0.01972299,0.89953137,50
a28078a491303c84bea9fb95ae4c106e4188a83a861049917132aa0a5ea65df3,113,transformer,exact_source,modern_cnn,gradient_bc_only_stochastic,361,19,0.05263158,0.02202216,0.96178859,50
a28078a491303c84bea9fb95ae4c106e4188a83a861049917132aa0a5ea65df3,113,transformer,exact_source,modern_cnn,ppo_only_stochastic,361,15,0.04155125,0.01670360,0.99686926,50
a28078a491303c84bea9fb95ae4c106e4188a83a861049917132aa0a5ea65df3,113,transformer,exact_source,modern_cnn,random_action,361,16,0.04432133,0.01822715,0.99934968,50
a28078a491303c84bea9fb95ae4c106e4188a83a861049917132aa0a5ea65df3,113,transformer,exact_source,modern_cnn,score_greedy,361,15,0.04155125,0.01980609,0.99975580,50
a28078a491303c84bea9fb95ae4c106e4188a83a861049917132aa0a5ea65df3,113,transformer,seen_family_new_instance,classical_cnn,bandit_action,183,3,0.01639344,0.01240437,0.98786505,50
a28078a491303c84bea9fb95ae4c106e4188a83a861049917132aa0a5ea65df3,113,transformer,seen_family_new_instance,classical_cnn,gradient_bc_groupdro_ppo_stochastic,183,8,0.04371585,0.02426230,0.89557755,50
a28078a491303c84bea9fb95ae4c106e4188a83a861049917132aa0a5ea65df3,113,transformer,seen_family_new_instance,classical_cnn,gradient_bc_only_stochastic,183,7,0.03825137,0.02158470,0.96186319,50
a28078a491303c84bea9fb95ae4c106e4188a83a861049917132aa0a5ea65df3,113,transformer,seen_family_new_instance,classical_cnn,ppo_only_stochastic,183,8,0.04371585,0.01956284,0.99582354,50
a28078a491303c84bea9fb95ae4c106e4188a83a861049917132aa0a5ea65df3,113,transformer,seen_family_new_instance,classical_cnn,random_action,183,7,0.03825137,0.01918033,0.99883365,50
a28078a491303c84bea9fb95ae4c106e4188a83a861049917132aa0a5ea65df3,113,transformer,seen_family_new_instance,classical_cnn,score_greedy,183,8,0.04371585,0.02207650,0.99936100,50
a28078a491303c84bea9fb95ae4c106e4188a83a861049917132aa0a5ea65df3,113,transformer,seen_family_new_instance,modern_cnn,bandit_action,182,2,0.01098901,0.00714286,0.99221890,50
a28078a491303c84bea9fb95ae4c106e4188a83a861049917132aa0a5ea65df3,113,transformer,seen_family_new_instance,modern_cnn,gradient_bc_groupdro_ppo_stochastic,182,7,0.03846154,0.01412088,0.89642414,50
a28078a491303c84bea9fb95ae4c106e4188a83a861049917132aa0a5ea65df3,113,transformer,seen_family_new_instance,modern_cnn,gradient_bc_only_stochastic,182,8,0.04395604,0.01989011,0.96409416,50
a28078a491303c84bea9fb95ae4c106e4188a83a861049917132aa0a5ea65df3,113,transformer,seen_family_new_instance,modern_cnn,ppo_only_stochastic,182,7,0.03846154,0.01016484,0.99673279,50
a28078a491303c84bea9fb95ae4c106e4188a83a861049917132aa0a5ea65df3,113,transformer,seen_family_new_instance,modern_cnn,random_action,182,5,0.02747253,0.00928571,0.99864097,50
a28078a491303c84bea9fb95ae4c106e4188a83a861049917132aa0a5ea65df3,113,transformer,seen_family_new_instance,modern_cnn,score_greedy,182,5,0.02747253,0.00983516,0.99941184,50
9d008da9fbf8185ecb8c52eacf300648d0fc5c72b739b084dc6e015054165a72,131,transformer,exact_source,classical_cnn,bandit_action,369,5,0.01355014,0.01070461,0.99554635,50
9d008da9fbf8185ecb8c52eacf300648d0fc5c72b739b084dc6e015054165a72,131,transformer,exact_source,classical_cnn,gradient_bc_groupdro_ppo_stochastic,369,11,0.02981030,0.01444444,0.96328975,50
9d008da9fbf8185ecb8c52eacf300648d0fc5c72b739b084dc6e015054165a72,131,transformer,exact_source,classical_cnn,gradient_bc_only_stochastic,369,13,0.03523035,0.01401084,0.96027817,50
9d008da9fbf8185ecb8c52eacf300648d0fc5c72b739b084dc6e015054165a72,131,transformer,exact_source,classical_cnn,ppo_only_stochastic,369,12,0.03252033,0.01224932,0.99603913,50
9d008da9fbf8185ecb8c52eacf300648d0fc5c72b739b084dc6e015054165a72,131,transformer,exact_source,classical_cnn,random_action,369,11,0.02981030,0.01184282,0.99930082,50
9d008da9fbf8185ecb8c52eacf300648d0fc5c72b739b084dc6e015054165a72,131,transformer,exact_source,classical_cnn,score_greedy,369,11,0.02981030,0.01336043,0.99977669,50
9d008da9fbf8185ecb8c52eacf300648d0fc5c72b739b084dc6e015054165a72,131,transformer,exact_source,modern_cnn,bandit_action,361,6,0.01662050,0.01130194,0.99554945,50
9d008da9fbf8185ecb8c52eacf300648d0fc5c72b739b084dc6e015054165a72,131,transformer,exact_source,modern_cnn,gradient_bc_groupdro_ppo_stochastic,361,16,0.04432133,0.01833795,0.96412337,50
9d008da9fbf8185ecb8c52eacf300648d0fc5c72b739b084dc6e015054165a72,131,transformer,exact_source,modern_cnn,gradient_bc_only_stochastic,361,18,0.04986150,0.02199446,0.96246766,50
9d008da9fbf8185ecb8c52eacf300648d0fc5c72b739b084dc6e015054165a72,131,transformer,exact_source,modern_cnn,ppo_only_stochastic,361,15,0.04155125,0.02218837,0.99643367,50
9d008da9fbf8185ecb8c52eacf300648d0fc5c72b739b084dc6e015054165a72,131,transformer,exact_source,modern_cnn,random_action,361,14,0.03878116,0.01795014,0.99945974,50
9d008da9fbf8185ecb8c52eacf300648d0fc5c72b739b084dc6e015054165a72,131,transformer,exact_source,modern_cnn,score_greedy,361,14,0.03878116,0.01795014,0.99963169,50
9d008da9fbf8185ecb8c52eacf300648d0fc5c72b739b084dc6e015054165a72,131,transformer,seen_family_new_instance,classical_cnn,bandit_action,183,5,0.02732240,0.02016393,0.98792771,50
9d008da9fbf8185ecb8c52eacf300648d0fc5c72b739b084dc6e015054165a72,131,transformer,seen_family_new_instance,classical_cnn,gradient_bc_groupdro_ppo_stochastic,183,8,0.04371585,0.02218579,0.96195315,50
9d008da9fbf8185ecb8c52eacf300648d0fc5c72b739b084dc6e015054165a72,131,transformer,seen_family_new_instance,classical_cnn,gradient_bc_only_stochastic,183,10,0.05464481,0.02295082,0.96001805,50
9d008da9fbf8185ecb8c52eacf300648d0fc5c72b739b084dc6e015054165a72,131,transformer,seen_family_new_instance,classical_cnn,ppo_only_stochastic,183,7,0.03825137,0.02464481,0.99565394,50
9d008da9fbf8185ecb8c52eacf300648d0fc5c72b739b084dc6e015054165a72,131,transformer,seen_family_new_instance,classical_cnn,random_action,183,7,0.03825137,0.02180328,0.99873063,50
9d008da9fbf8185ecb8c52eacf300648d0fc5c72b739b084dc6e015054165a72,131,transformer,seen_family_new_instance,classical_cnn,score_greedy,183,7,0.03825137,0.01972678,0.99932814,50
9d008da9fbf8185ecb8c52eacf300648d0fc5c72b739b084dc6e015054165a72,131,transformer,seen_family_new_instance,modern_cnn,bandit_action,182,3,0.01648352,0.01291209,0.98807463,50
9d008da9fbf8185ecb8c52eacf300648d0fc5c72b739b084dc6e015054165a72,131,transformer,seen_family_new_instance,modern_cnn,gradient_bc_groupdro_ppo_stochastic,182,10,0.05494505,0.02109890,0.96313580,50
9d008da9fbf8185ecb8c52eacf300648d0fc5c72b739b084dc6e015054165a72,131,transformer,seen_family_new_instance,modern_cnn,gradient_bc_only_stochastic,182,9,0.04945055,0.01862637,0.96342158,50
9d008da9fbf8185ecb8c52eacf300648d0fc5c72b739b084dc6e015054165a72,131,transformer,seen_family_new_instance,modern_cnn,ppo_only_stochastic,182,7,0.03846154,0.01313187,0.99546318,50
9d008da9fbf8185ecb8c52eacf300648d0fc5c72b739b084dc6e015054165a72,131,transformer,seen_family_new_instance,modern_cnn,random_action,182,7,0.03846154,0.00763736,0.99890135,50
9d008da9fbf8185ecb8c52eacf300648d0fc5c72b739b084dc6e015054165a72,131,transformer,seen_family_new_instance,modern_cnn,score_greedy,182,7,0.03846154,0.01576923,0.99957345,50
73b15383a72b3544c990f71f2a53753aac4cbc128a729db37893dfb094190f06,149,transformer,exact_source,classical_cnn,bandit_action,369,3,0.00813008,0.00669377,0.99542038,50
73b15383a72b3544c990f71f2a53753aac4cbc128a729db37893dfb094190f06,149,transformer,exact_source,classical_cnn,gradient_bc_groupdro_ppo_stochastic,369,13,0.03523035,0.01910569,0.95235280,50
73b15383a72b3544c990f71f2a53753aac4cbc128a729db37893dfb094190f06,149,transformer,exact_source,classical_cnn,gradient_bc_only_stochastic,369,11,0.02981030,0.01401084,0.96470711,50
73b15383a72b3544c990f71f2a53753aac4cbc128a729db37893dfb094190f06,149,transformer,exact_source,classical_cnn,ppo_only_stochastic,369,10,0.02710027,0.01360434,0.99682432,50
73b15383a72b3544c990f71f2a53753aac4cbc128a729db37893dfb094190f06,149,transformer,exact_source,classical_cnn,random_action,369,12,0.03252033,0.01333333,0.99932955,50
73b15383a72b3544c990f71f2a53753aac4cbc128a729db37893dfb094190f06,149,transformer,exact_source,classical_cnn,score_greedy,369,11,0.02981030,0.01292683,0.99971988,50
73b15383a72b3544c990f71f2a53753aac4cbc128a729db37893dfb094190f06,149,transformer,exact_source,modern_cnn,bandit_action,361,8,0.02216066,0.01590028,0.99537419,50
73b15383a72b3544c990f71f2a53753aac4cbc128a729db37893dfb094190f06,149,transformer,exact_source,modern_cnn,gradient_bc_groupdro_ppo_stochastic,361,18,0.04986150,0.02121884,0.95366588,50
73b15383a72b3544c990f71f2a53753aac4cbc128a729db37893dfb094190f06,149,transformer,exact_source,modern_cnn,gradient_bc_only_stochastic,361,19,0.05263158,0.02318560,0.96254507,50
73b15383a72b3544c990f71f2a53753aac4cbc128a729db37893dfb094190f06,149,transformer,exact_source,modern_cnn,ppo_only_stochastic,361,15,0.04155125,0.01709141,0.99762688,50
73b15383a72b3544c990f71f2a53753aac4cbc128a729db37893dfb094190f06,149,transformer,exact_source,modern_cnn,random_action,361,11,0.03047091,0.01554017,0.99951270,50
73b15383a72b3544c990f71f2a53753aac4cbc128a729db37893dfb094190f06,149,transformer,exact_source,modern_cnn,score_greedy,361,16,0.04432133,0.01518006,0.99973880,50
73b15383a72b3544c990f71f2a53753aac4cbc128a729db37893dfb094190f06,149,transformer,seen_family_new_instance,classical_cnn,bandit_action,183,4,0.02185792,0.01650273,0.99124199,50
73b15383a72b3544c990f71f2a53753aac4cbc128a729db37893dfb094190f06,149,transformer,seen_family_new_instance,classical_cnn,gradient_bc_groupdro_ppo_stochastic,183,9,0.04918033,0.02748634,0.95099142,50
73b15383a72b3544c990f71f2a53753aac4cbc128a729db37893dfb094190f06,149,transformer,seen_family_new_instance,classical_cnn,gradient_bc_only_stochastic,183,8,0.04371585,0.01726776,0.96155362,50
73b15383a72b3544c990f71f2a53753aac4cbc128a729db37893dfb094190f06,149,transformer,seen_family_new_instance,classical_cnn,ppo_only_stochastic,183,7,0.03825137,0.02158470,0.99599653,50
73b15383a72b3544c990f71f2a53753aac4cbc128a729db37893dfb094190f06,149,transformer,seen_family_new_instance,classical_cnn,random_action,183,8,0.04371585,0.02284153,0.99892089,50
73b15383a72b3544c990f71f2a53753aac4cbc128a729db37893dfb094190f06,149,transformer,seen_family_new_instance,classical_cnn,score_greedy,183,7,0.03825137,0.02136612,0.99930634,50
73b15383a72b3544c990f71f2a53753aac4cbc128a729db37893dfb094190f06,149,transformer,seen_family_new_instance,modern_cnn,bandit_action,182,5,0.02747253,0.01994505,0.98937896,50
73b15383a72b3544c990f71f2a53753aac4cbc128a729db37893dfb094190f06,149,transformer,seen_family_new_instance,modern_cnn,gradient_bc_groupdro_ppo_stochastic,182,9,0.04945055,0.02104396,0.95227802,50
73b15383a72b3544c990f71f2a53753aac4cbc128a729db37893dfb094190f06,149,transformer,seen_family_new_instance,modern_cnn,gradient_bc_only_stochastic,182,9,0.04945055,0.01994505,0.96335879,50
73b15383a72b3544c990f71f2a53753aac4cbc128a729db37893dfb094190f06,149,transformer,seen_family_new_instance,modern_cnn,ppo_only_stochastic,182,7,0.03846154,0.01038462,0.99692774,50
73b15383a72b3544c990f71f2a53753aac4cbc128a729db37893dfb094190f06,149,transformer,seen_family_new_instance,modern_cnn,random_action,182,5,0.02747253,0.01291209,0.99857868,50
73b15383a72b3544c990f71f2a53753aac4cbc128a729db37893dfb094190f06,149,transformer,seen_family_new_instance,modern_cnn,score_greedy,182,7,0.03846154,0.01148352,0.99951704,50
